<environmentvariabledefinition schemaname="sjl_SandpitUSPFSPList">
  <apiid>/providers/microsoft.powerapps/apis/shared_sharepointonline</apiid>
  <description default="SharePoint list that has the 'People' field. The field's internal name is 'People'.">
    <label description="SharePoint list that has the 'People' field. The field's internal name is 'People'." languagecode="1033" />
  </description>
  <displayname default="Sandpit-USPF-SPList">
    <label description="Sandpit-USPF-SPList" languagecode="1033" />
  </displayname>
  <introducedversion>1.0.0.0</introducedversion>
  <iscustomizable>1</iscustomizable>
  <isrequired>0</isrequired>
  <parameterkey>table</parameterkey>
  <parentdefinitionid>
    <schemaname>sjl_SandpitUSPF</schemaname>
  </parentdefinitionid>
  <secretstore>0</secretstore>
  <type>100000004</type>
</environmentvariabledefinition>