<ImportExportXml xmlns:xsi="http://www.w3.org/2001/XMLSchema-instance">
  <Entities></Entities>
  <Roles></Roles>
  <Workflows></Workflows>
  <FieldSecurityProfiles></FieldSecurityProfiles>
  <Templates />
  <EntityMaps />
  <EntityRelationships />
  <OrganizationSettings />
  <optionsets />
  <CustomControls />
  <EntityDataProviders />
  <CanvasApps>
    <CanvasApp>
      <Name>sjl_sjlcanvasapp_56281</Name>
      <AppVersion>2024-06-10T04:10:37Z</AppVersion>
      <Status>Ready</Status>
      <CreatedByClientVersion>3.24054.19.0</CreatedByClientVersion>
      <MinClientVersion>3.24054.19.0</MinClientVersion>
      <Tags>{"primaryDeviceWidth":"667","primaryDeviceHeight":"375","supportsPortrait":"true","supportsLandscape":"true","primaryFormFactor":"Tablet","showStatusBar":"false","publisherVersion":"3.24054.19","minimumRequiredApiVersion":"2.2.0","hasComponent":"true","hasUnlockedComponent":"false","isUnifiedRootApp":"false","sienaVersion":"20240608T093420Z-3.24054.19.0"}</Tags>
      <IsCdsUpgraded>0</IsCdsUpgraded>
      <GalleryItemId xsi:nil="true"></GalleryItemId>
      <BackgroundColor>rgba(50, 84, 105, 1)</BackgroundColor>
      <DisplayName>SJL Canvas App</DisplayName>
      <Description>Testng the import of components from a custom component library.</Description>
      <CommitMessage xsi:nil="true"></CommitMessage>
      <Publisher xsi:nil="true"></Publisher>
      <AuthorizationReferences>[]</AuthorizationReferences>
      <ConnectionReferences>{"ff1502b1-4944-427b-b3f4-7f0377178f9b":{"id":"/providers/microsoft.powerapps/apis/shared_office365users","displayName":"Office 365 Users","iconUri":"https://connectoricons-prod.azureedge.net/releases/v1.0.1686/1.0.1686.3706/office365users/icon.png","dataSources":["Office365Users"],"dependencies":[],"dependents":[],"parameterHints":{},"parameterHintsV2":{},"isOnPremiseConnection":false,"bypassConsent":false,"dataSets":{},"apiTier":"Standard"}}</ConnectionReferences>
      <DatabaseReferences>{}</DatabaseReferences>
      <AppComponents>[]</AppComponents>
      <AppComponentDependencies>[{"appComponentName":"6e6c8c9256084c44aa6c73575ed1ac52","appName":"066c30ed-3634-4bdd-a71b-a55d104bf8fd","appComponentLibraryName":"3bacbcdd-bfbf-4164-95df-215ce5a6751d","appComponentLibraryVersion":"2024-06-08T09:59:34Z","appComponentLibraryLogicalName":"sjl_sjllibrary_04549","environmentName":"default-9030e514-8479-40d4-96e1-d33285f8a835"},{"appComponentName":"d834640ac4e04850a8e41a91c63e06ba","appName":"066c30ed-3634-4bdd-a71b-a55d104bf8fd","appComponentLibraryName":"3bacbcdd-bfbf-4164-95df-215ce5a6751d","appComponentLibraryVersion":"2024-06-08T09:59:34Z","appComponentLibraryLogicalName":"sjl_sjllibrary_04549","environmentName":"default-9030e514-8479-40d4-96e1-d33285f8a835"}]</AppComponentDependencies>
      <CanConsumeAppPass>1</CanConsumeAppPass>
      <CanvasAppType>0</CanvasAppType>
      <BypassConsent>0</BypassConsent>
      <AdminControlBypassConsent>0</AdminControlBypassConsent>
      <EmbeddedApp xsi:nil="true"></EmbeddedApp>
      <IntroducedVersion>1.0</IntroducedVersion>
      <CdsDependencies>{"cdsdependencies":[{"logicalname":"sjl_sjllibrary_04549","componenttype":300,"componenttypeplatformname":"CanvasApp"}]}</CdsDependencies>
      <IsCustomizable>1</IsCustomizable>
      <BackgroundImageUri>/CanvasApps/sjl_sjlcanvasapp_56281_BackgroundImageUri</BackgroundImageUri>
      <DocumentUri>/CanvasApps/sjl_sjlcanvasapp_56281_DocumentUri.msapp</DocumentUri>
      <AdditionalUris>
        <AdditionalUri>/CanvasApps/sjl_sjlcanvasapp_56281_AdditionalUris0_identity.json</AdditionalUri>
      </AdditionalUris>
    </CanvasApp>
  </CanvasApps>
  <Languages>
    <Language>1033</Language>
  </Languages>
</ImportExportXml>