<ImportExportXml xmlns:xsi="http://www.w3.org/2001/XMLSchema-instance">
  <Entities></Entities>
  <Roles></Roles>
  <Workflows></Workflows>
  <FieldSecurityProfiles></FieldSecurityProfiles>
  <Templates />
  <EntityMaps />
  <EntityRelationships />
  <OrganizationSettings />
  <optionsets />
  <CustomControls />
  <EntityDataProviders />
  <CanvasApps>
    <CanvasApp>
      <Name>sjl_sjllibrary_04549</Name>
      <AppVersion>2024-06-08T09:40:10Z</AppVersion>
      <Status>Ready</Status>
      <CreatedByClientVersion>3.24054.19.0</CreatedByClientVersion>
      <MinClientVersion>3.24054.19.0</MinClientVersion>
      <Tags>{"primaryDeviceWidth":"640","primaryDeviceHeight":"1136","supportsPortrait":"true","supportsLandscape":"true","primaryFormFactor":"Phone","showStatusBar":"false","publisherVersion":"3.24054.19","minimumRequiredApiVersion":"2.2.0","hasComponent":"true","hasUnlockedComponent":"true","isUnifiedRootApp":"false","sienaVersion":"20240608T091533Z-3.24054.19.0"}</Tags>
      <IsCdsUpgraded>0</IsCdsUpgraded>
      <GalleryItemId xsi:nil="true"></GalleryItemId>
      <BackgroundColor>rgba(50, 94, 105, 1)</BackgroundColor>
      <DisplayName>SJL Library</DisplayName>
      <Description>Sandbox component library containing example header and footer controls.</Description>
      <CommitMessage xsi:nil="true"></CommitMessage>
      <Publisher xsi:nil="true"></Publisher>
      <AuthorizationReferences>[]</AuthorizationReferences>
      <ConnectionReferences>{"ff1502b1-4944-427b-b3f4-7f0377178f9b":{"id":"/providers/microsoft.powerapps/apis/shared_office365users","displayName":"Office 365 Users","iconUri":"https://connectoricons-prod.azureedge.net/releases/v1.0.1686/1.0.1686.3706/office365users/icon.png","dataSources":["Office365Users"],"dependencies":[],"dependents":[],"parameterHints":{},"parameterHintsV2":{},"isOnPremiseConnection":false,"bypassConsent":false,"dataSets":{},"apiTier":"Standard"}}</ConnectionReferences>
      <DatabaseReferences>{}</DatabaseReferences>
      <AppComponents>[{"appComponentName":"d834640ac4e04850a8e41a91c63e06ba","displayName":"comHeader","description":"App Header","appName":"3bacbcdd-bfbf-4164-95df-215ce5a6751d","appVersion":"2024-06-08T09:40:10Z","appComponentLibraryLogicalName":"sjl_sjllibrary_04549","appDisplayName":"SJL Library","environmentName":"default-9030e514-8479-40d4-96e1-d33285f8a835","owner":{"id":"523c9799-dbda-49bd-afbe-b4e8985b15cf","displayName":"Siôn Lewis","email":"info@sjlewis.com","type":"User","tenantId":"9030e514-8479-40d4-96e1-d33285f8a835","userPrincipalName":"info@sjlewis.com"},"allowCustomization":true,"createdOn":"2024-06-08T02:10:08.755Z","lastModifiedOn":"2024-06-08T09:39:15.89Z","connectionReferences":{"ff1502b1-4944-427b-b3f4-7f0377178f9b":{"id":"/providers/microsoft.powerapps/apis/shared_office365users","dataSources":["Office365Users"],"dependencies":[],"dependents":[],"parameterHints":{},"parameterHintsV2":{},"isOnPremiseConnection":false,"dataSets":{}}},"databaseReferences":{}},{"appComponentName":"6e6c8c9256084c44aa6c73575ed1ac52","displayName":"comFooter","description":"App Footer","appName":"3bacbcdd-bfbf-4164-95df-215ce5a6751d","appVersion":"2024-06-08T09:40:10Z","appComponentLibraryLogicalName":"sjl_sjllibrary_04549","appDisplayName":"SJL Library","environmentName":"default-9030e514-8479-40d4-96e1-d33285f8a835","owner":{"id":"523c9799-dbda-49bd-afbe-b4e8985b15cf","displayName":"Siôn Lewis","email":"info@sjlewis.com","type":"User","tenantId":"9030e514-8479-40d4-96e1-d33285f8a835","userPrincipalName":"info@sjlewis.com"},"allowCustomization":true,"createdOn":"2024-06-08T02:10:08.755Z","lastModifiedOn":"2024-06-08T09:39:15.89Z","connectionReferences":{"ff1502b1-4944-427b-b3f4-7f0377178f9b":{"id":"/providers/microsoft.powerapps/apis/shared_office365users","dataSources":["Office365Users"],"dependencies":[],"dependents":[],"parameterHints":{},"parameterHintsV2":{},"isOnPremiseConnection":false,"dataSets":{}}},"databaseReferences":{}}]</AppComponents>
      <AppComponentDependencies>[]</AppComponentDependencies>
      <CanConsumeAppPass>1</CanConsumeAppPass>
      <CanvasAppType>1</CanvasAppType>
      <BypassConsent>0</BypassConsent>
      <AdminControlBypassConsent>0</AdminControlBypassConsent>
      <EmbeddedApp xsi:nil="true"></EmbeddedApp>
      <IntroducedVersion>1.0</IntroducedVersion>
      <CdsDependencies>{"cdsdependencies":[]}</CdsDependencies>
      <IsCustomizable>1</IsCustomizable>
      <BackgroundImageUri>/CanvasApps/sjl_sjllibrary_04549_BackgroundImageUri</BackgroundImageUri>
      <DocumentUri>/CanvasApps/sjl_sjllibrary_04549_DocumentUri.msapp</DocumentUri>
      <AdditionalUris>
        <AdditionalUri>/CanvasApps/sjl_sjllibrary_04549_AdditionalUris0_identity.json</AdditionalUri>
      </AdditionalUris>
    </CanvasApp>
  </CanvasApps>
  <connectionreferences>
    <connectionreference connectionreferencelogicalname="sjl_SSAOffice365Outlook">
      <connectionreferencedisplayname>SSA Office 365 Outlook</connectionreferencedisplayname>
      <connectorid>/providers/Microsoft.PowerApps/apis/shared_office365</connectorid>
      <description>Office 365 Outlook connextor</description>
      <iscustomizable>1</iscustomizable>
      <statecode>0</statecode>
      <statuscode>1</statuscode>
    </connectionreference>
    <connectionreference connectionreferencelogicalname="sjl_SSASharePoint">
      <connectionreferencedisplayname>SSA SharePoint</connectionreferencedisplayname>
      <connectorid>/providers/Microsoft.PowerApps/apis/shared_sharepointonline</connectorid>
      <description>SharePoint connetor.</description>
      <iscustomizable>1</iscustomizable>
      <statecode>0</statecode>
      <statuscode>1</statuscode>
    </connectionreference>
  </connectionreferences>
  <Languages>
    <Language>1033</Language>
  </Languages>
</ImportExportXml>