<environmentvariabledefinition schemaname="sjl_SandpitMIATenant">
  <description default="The tenant name used within the SharePoint URL.">
    <label description="The tenant name used within the SharePoint URL." languagecode="1033" />
  </description>
  <displayname default="Sandpit-MIA-Tenant">
    <label description="Sandpit-MIA-Tenant" languagecode="1033" />
  </displayname>
  <introducedversion>1.0.0.0</introducedversion>
  <iscustomizable>1</iscustomizable>
  <isrequired>0</isrequired>
  <secretstore>0</secretstore>
  <type>100000000</type>
</environmentvariabledefinition>