<environmentvariabledefinition schemaname="sjl_SandpitMIASPSite">
  <apiid>/providers/microsoft.powerapps/apis/shared_sharepointonline</apiid>
  <description default="Connection to the site collection.">
    <label description="Connection to the site collection." languagecode="1033" />
  </description>
  <displayname default="Sandpit-MIA-SPSite">
    <label description="Sandpit-MIA-SPSite" languagecode="1033" />
  </displayname>
  <introducedversion>1.0.0.0</introducedversion>
  <iscustomizable>1</iscustomizable>
  <isrequired>0</isrequired>
  <parameterkey>dataset</parameterkey>
  <secretstore>0</secretstore>
  <type>100000004</type>
</environmentvariabledefinition>