<ImportExportXml xmlns:xsi="http://www.w3.org/2001/XMLSchema-instance">
  <Entities></Entities>
  <Roles></Roles>
  <Workflows>
    <Workflow WorkflowId="{18d8da17-a6ef-ed11-8849-00224893345e}" Name="PeopleField-RemovePerson" Description="Specifying an Item ID and email address; the Cloud Flow removes an account to a SharePoint item's 'People' field. This process works for both Azure AD Member and Guest accounts. The flow uses a manual trigger for demonstration purposes and error handling could be improved. However, if the account has not previously been added to the SharePoint Site, then the Flow cancels itself.">
      <JsonFileName>/Workflows/PeopleField-RemovePerson-18D8DA17-A6EF-ED11-8849-00224893345E.json</JsonFileName>
      <Type>1</Type>
      <Subprocess>0</Subprocess>
      <Category>5</Category>
      <Mode>0</Mode>
      <Scope>4</Scope>
      <OnDemand>0</OnDemand>
      <TriggerOnCreate>0</TriggerOnCreate>
      <TriggerOnDelete>0</TriggerOnDelete>
      <AsyncAutodelete>0</AsyncAutodelete>
      <SyncWorkflowLogOnFailure>0</SyncWorkflowLogOnFailure>
      <StateCode>1</StateCode>
      <StatusCode>2</StatusCode>
      <RunAs>1</RunAs>
      <IsTransacted>1</IsTransacted>
      <IntroducedVersion>1.0.0.0</IntroducedVersion>
      <IsCustomizable>1</IsCustomizable>
      <IsCustomProcessingStepAllowedForOtherPublishers>1</IsCustomProcessingStepAllowedForOtherPublishers>
      <PrimaryEntity>none</PrimaryEntity>
      <LocalizedNames>
        <LocalizedName languagecode="1033" description="PeopleField-RemovePerson" />
      </LocalizedNames>
      <Descriptions>
        <Description languagecode="1033" description="Specifying an Item ID and email address; the Cloud Flow removes an account to a SharePoint item's 'People' field. This process works for both Azure AD Member and Guest accounts. The flow uses a manual trigger for demonstration purposes and error handling could be improved. However, if the account has not previously been added to the SharePoint Site, then the Flow cancels itself." />
      </Descriptions>
    </Workflow>
    <Workflow WorkflowId="{38b0637a-8fef-ed11-8849-00224893345e}" Name="PeopleField-AddPerson" Description="Specifying an Item ID and email address; the Cloud Flow adds an account to a SharePoint item's 'People' field. This process works for both Azure AD Member and Guest accounts. The flow uses a manual trigger for demonstration purposes and error handling could be improved.">
      <JsonFileName>/Workflows/PeopleField-AddPerson-38B0637A-8FEF-ED11-8849-00224893345E.json</JsonFileName>
      <Type>1</Type>
      <Subprocess>0</Subprocess>
      <Category>5</Category>
      <Mode>0</Mode>
      <Scope>4</Scope>
      <OnDemand>0</OnDemand>
      <TriggerOnCreate>0</TriggerOnCreate>
      <TriggerOnDelete>0</TriggerOnDelete>
      <AsyncAutodelete>0</AsyncAutodelete>
      <SyncWorkflowLogOnFailure>0</SyncWorkflowLogOnFailure>
      <StateCode>1</StateCode>
      <StatusCode>2</StatusCode>
      <RunAs>1</RunAs>
      <IsTransacted>1</IsTransacted>
      <IntroducedVersion>1.0.0.0</IntroducedVersion>
      <IsCustomizable>1</IsCustomizable>
      <IsCustomProcessingStepAllowedForOtherPublishers>1</IsCustomProcessingStepAllowedForOtherPublishers>
      <PrimaryEntity>none</PrimaryEntity>
      <LocalizedNames>
        <LocalizedName languagecode="1033" description="PeopleField-AddPerson" />
      </LocalizedNames>
      <Descriptions>
        <Description languagecode="1033" description="Specifying an Item ID and email address; the Cloud Flow adds an account to a SharePoint item's 'People' field. This process works for both Azure AD Member and Guest accounts. The flow uses a manual trigger for demonstration purposes and error handling could be improved." />
      </Descriptions>
    </Workflow>
  </Workflows>
  <FieldSecurityProfiles></FieldSecurityProfiles>
  <Templates />
  <EntityMaps />
  <EntityRelationships />
  <OrganizationSettings />
  <optionsets />
  <CustomControls />
  <EntityDataProviders />
  <connectionreferences>
    <connectionreference connectionreferencelogicalname="sjl_SandpitUSPFOffice365Users">
      <connectionreferencedisplayname>Sandpit-USPF-Office365Users</connectionreferencedisplayname>
      <connectorid>/providers/Microsoft.PowerApps/apis/shared_office365users</connectorid>
      <description>Connection referrence for the 'Sandpit: Update SharePoint People Field' solution.</description>
      <iscustomizable>1</iscustomizable>
      <statecode>0</statecode>
      <statuscode>1</statuscode>
    </connectionreference>
    <connectionreference connectionreferencelogicalname="sjl_SandpitUSPFSharePoint">
      <connectionreferencedisplayname>Sandpit-USPF-SharePoint</connectionreferencedisplayname>
      <connectorid>/providers/Microsoft.PowerApps/apis/shared_sharepointonline</connectorid>
      <description>Connection referrence for the 'Sandpit: Update SharePoint People Field' solution.</description>
      <iscustomizable>1</iscustomizable>
      <statecode>0</statecode>
      <statuscode>1</statuscode>
    </connectionreference>
  </connectionreferences>
  <Languages>
    <Language>1033</Language>
  </Languages>
</ImportExportXml>