<environmentvariabledefinition schemaname="sjl_SAMApprovers">
  <defaultvalue>approver@organisation.com;</defaultvalue>
  <description default="Approvers email addresses separated by semicolon.">
    <label description="Approvers email addresses separated by semicolon." languagecode="1033" />
  </description>
  <displayname default="SAM: Approvers">
    <label description="SAM: Approvers" languagecode="1033" />
  </displayname>
  <introducedversion>1.0.0.0</introducedversion>
  <iscustomizable>1</iscustomizable>
  <isrequired>0</isrequired>
  <secretstore>0</secretstore>
  <type>100000000</type>
</environmentvariabledefinition>