{
  "properties": {
    "connectionReferences": {
      "shared_sharepointonline_2": {
        "runtimeSource": "invoker",
        "connection": {
          "connectionReferenceLogicalName": "sjl_SandpitUSPFSharePoint"
        },
        "api": {
          "name": "shared_sharepointonline"
        }
      },
      "shared_office365users": {
        "runtimeSource": "invoker",
        "connection": {
          "connectionReferenceLogicalName": "sjl_SandpitUSPFOffice365Users"
        },
        "api": {
          "name": "shared_office365users"
        }
      }
    },
    "definition": {
      "$schema": "https://schema.management.azure.com/providers/Microsoft.Logic/schemas/2016-06-01/workflowdefinition.json#",
      "contentVersion": "1.0.0.0",
      "parameters": {
        "$connections": {
          "defaultValue": {},
          "type": "Object"
        },
        "$authentication": {
          "defaultValue": {},
          "type": "SecureObject"
        },
        "Sandpit-USPF-SPSite (sjl_SandpitUSPF)": {
          "type": "String",
          "metadata": {
            "schemaName": "sjl_SandpitUSPF",
            "description": "The site collection that hosts the SharePoint list."
          }
        },
        "Sandpit-USPF-SPList (sjl_SandpitUSPFSPList)": {
          "type": "String",
          "metadata": {
            "schemaName": "sjl_SandpitUSPFSPList",
            "description": "SharePoint list that has the 'People' field. The field's internal name is 'People'."
          }
        }
      },
      "triggers": {
        "manual": {
          "metadata": {
            "operationMetadataId": "94d73e63-41d4-4976-8bc8-3cc23669352c"
          },
          "type": "Request",
          "kind": "Button",
          "inputs": {
            "schema": {
              "type": "object",
              "properties": {
                "number": {
                  "title": "Item ID",
                  "type": "number",
                  "x-ms-dynamically-added": true,
                  "description": "Please the item ID",
                  "x-ms-content-hint": "NUMBER"
                },
                "email": {
                  "title": "Email",
                  "type": "string",
                  "format": "email",
                  "x-ms-dynamically-added": true,
                  "description": "Please enter an e-mail address",
                  "x-ms-content-hint": "EMAIL"
                }
              },
              "required": [
                "number",
                "email"
              ]
            }
          }
        }
      },
      "actions": {
        "Send_an_HTTP_request_to_SharePoint_|_PATCH_|_Add_Account": {
          "runAfter": {
            "Compose_|_Update_Account_Body": [
              "Succeeded"
            ]
          },
          "metadata": {
            "operationMetadataId": "fe97ba27-8caa-40a8-a3ee-abe1d3583296"
          },
          "type": "OpenApiConnection",
          "inputs": {
            "host": {
              "connectionName": "shared_sharepointonline_2",
              "operationId": "HttpRequest",
              "apiId": "/providers/Microsoft.PowerApps/apis/shared_sharepointonline"
            },
            "parameters": {
              "dataset": "@parameters('Sandpit-USPF-SPSite (sjl_SandpitUSPF)')",
              "parameters/method": "PATCH",
              "parameters/uri": "/_api/web/lists(guid'@{parameters('Sandpit-USPF-SPList (sjl_SandpitUSPFSPList)')}')/items(@{variables('ItemID')})",
              "parameters/headers": {
                "X-HTTP-Method": "MERGE",
                "accept": "application/json;odata=verbose",
                "content-type": "application/json;odata=verbose",
                "If-Match": "*"
              },
              "parameters/body": "@outputs('Compose_|_Update_Account_Body')"
            },
            "authentication": {
              "type": "Raw",
              "value": "@json(decodeBase64(triggerOutputs().headers['X-MS-APIM-Tokens']))['$ConnectionKey']"
            }
          },
          "description": "Update the 'People' field."
        },
        "Compose_|_Update_Account_Body": {
          "runAfter": {
            "Compose_|_Append_to_PeopleID_Array": [
              "Succeeded"
            ]
          },
          "metadata": {
            "operationMetadataId": "da00a74d-6684-407b-b6d7-073a725ee20e"
          },
          "type": "Compose",
          "inputs": {
            "__metadata": {
              "type": "@{body('Parse_JSON_|_Item')?['d']?['__metadata']?['type']}"
            },
            "PeopleId": {
              "__metadata": {
                "type": "Collection(Edm.Int32)"
              },
              "results": "@outputs('Compose_|_Append_to_PeopleID_Array')"
            }
          },
          "description": "Multiselect fields expect an array [...]... "
        },
        "Initialize_variable_|_ItemID": {
          "runAfter": {},
          "metadata": {
            "operationMetadataId": "a92ee7ab-075c-493e-9e02-2ff571edd315"
          },
          "type": "InitializeVariable",
          "inputs": {
            "variables": [
              {
                "name": "ItemID",
                "type": "integer",
                "value": "@triggerBody()['number']"
              }
            ]
          },
          "description": "The selected Item ID."
        },
        "Send_an_HTTP_request_to_SharePoint_|_GET_|_Item_By_ID": {
          "runAfter": {
            "Initialize_variable_|_EmailAddress": [
              "Succeeded"
            ]
          },
          "metadata": {
            "operationMetadataId": "ce67cb75-a136-48f5-aee5-80242169600d"
          },
          "type": "OpenApiConnection",
          "inputs": {
            "host": {
              "connectionName": "shared_sharepointonline_2",
              "operationId": "HttpRequest",
              "apiId": "/providers/Microsoft.PowerApps/apis/shared_sharepointonline"
            },
            "parameters": {
              "dataset": "@parameters('Sandpit-USPF-SPSite (sjl_SandpitUSPF)')",
              "parameters/method": "GET",
              "parameters/uri": "/_api/web/lists(guid'@{parameters('Sandpit-USPF-SPList (sjl_SandpitUSPFSPList)')}')/items(@{variables('ItemID')})?$select=Id,Title,PeopleId,PeopleStringId,Modified",
              "parameters/headers": {
                "accept": "application/json;odata=verbose",
                "content-type": "application/json;odata=verbose"
              }
            },
            "authentication": {
              "type": "Raw",
              "value": "@json(decodeBase64(triggerOutputs().headers['X-MS-APIM-Tokens']))['$ConnectionKey']"
            }
          },
          "description": "In a 'real' world scenario this step could be replaced by the SharePoint selected item trigger..."
        },
        "Terminate_|_Cancelled_|_List_Item_Not_Found": {
          "runAfter": {
            "Send_an_HTTP_request_to_SharePoint_|_GET_|_Item_By_ID": [
              "Failed",
              "Skipped",
              "TimedOut"
            ]
          },
          "metadata": {
            "operationMetadataId": "1d5f70f5-71a8-4346-a201-4dd74f0faef0"
          },
          "type": "Terminate",
          "inputs": {
            "runStatus": "Cancelled"
          },
          "description": "Does the item exists for the specified ID?"
        },
        "Initialize_variable_|_EmailAddress": {
          "runAfter": {
            "Initialize_variable_|_ItemID": [
              "Succeeded"
            ]
          },
          "metadata": {
            "operationMetadataId": "33375251-57f4-4dc4-bbe2-1a0eab8f2da6"
          },
          "type": "InitializeVariable",
          "inputs": {
            "variables": [
              {
                "name": "EmailAddress",
                "type": "string",
                "value": "@triggerBody()['email']"
              }
            ]
          },
          "description": "For example: name@tenant.onmicrosoft.com"
        },
        "Parse_JSON_|_Item": {
          "runAfter": {
            "Send_an_HTTP_request_to_SharePoint_|_GET_|_Item_By_ID": [
              "Succeeded"
            ]
          },
          "metadata": {
            "operationMetadataId": "1facaa49-871f-4213-add6-b0b021a5d421"
          },
          "type": "ParseJson",
          "inputs": {
            "content": "@body('Send_an_HTTP_request_to_SharePoint_|_GET_|_Item_By_ID')",
            "schema": {
              "type": "object",
              "properties": {
                "d": {
                  "type": "object",
                  "properties": {
                    "__metadata": {
                      "type": "object",
                      "properties": {
                        "id": {
                          "type": "string"
                        },
                        "uri": {
                          "type": "string"
                        },
                        "etag": {
                          "type": "string"
                        },
                        "type": {
                          "type": "string"
                        }
                      }
                    },
                    "Id": {
                      "type": "integer"
                    },
                    "Title": {
                      "type": "string"
                    },
                    "PeopleId": {
                      "type": "object",
                      "properties": {
                        "__metadata": {
                          "type": "object",
                          "properties": {
                            "type": {
                              "type": "string"
                            }
                          }
                        },
                        "results": {
                          "type": "array",
                          "items": {
                            "type": "integer"
                          }
                        }
                      }
                    },
                    "PeopleStringId": {
                      "type": "object",
                      "properties": {
                        "__metadata": {
                          "type": "object",
                          "properties": {
                            "type": {
                              "type": "string"
                            }
                          }
                        },
                        "results": {
                          "type": "array",
                          "items": {
                            "type": "string"
                          }
                        }
                      }
                    },
                    "ID": {
                      "type": "integer"
                    },
                    "Modified": {
                      "type": "string"
                    }
                  }
                }
              }
            }
          }
        },
        "Compose_|_PeopleID_Array": {
          "runAfter": {
            "Parse_JSON_|_Item": [
              "Succeeded"
            ]
          },
          "metadata": {
            "operationMetadataId": "93c5bb64-7bc6-47a3-a424-e7c75a0532b8"
          },
          "type": "Compose",
          "inputs": "@body('Parse_JSON_|_Item')?['d']?['PeopleId']?['results']",
          "description": "@{body('Parse_JSON_|_Item')?['d']?['PeopleId']?['results']}"
        },
        "Compose_|_Append_to_PeopleID_Array": {
          "runAfter": {
            "Compose_|_Ensure_User_ID": [
              "Succeeded"
            ]
          },
          "metadata": {
            "operationMetadataId": "9f2be440-4a8a-43c0-94b8-9160b975a92b"
          },
          "type": "Compose",
          "inputs": "@union(outputs('Compose_|_PeopleID_Array'), array(outputs('Compose_|_Ensure_User_ID')))",
          "description": "@{union(outputs('Compose_|_PeopleID_Array'), array(outputs('Compose_|_Ensure_User_ID')))}"
        },
        "Send_an_HTTP_request_to_SharePoint_|_POST_|_Ensure_User": {
          "runAfter": {
            "Compose_|_Ensure_User_|_Body": [
              "Succeeded"
            ]
          },
          "metadata": {
            "operationMetadataId": "bc237d12-109a-4214-8de5-7a001300079a"
          },
          "type": "OpenApiConnection",
          "inputs": {
            "host": {
              "connectionName": "shared_sharepointonline_2",
              "operationId": "HttpRequest",
              "apiId": "/providers/Microsoft.PowerApps/apis/shared_sharepointonline"
            },
            "parameters": {
              "dataset": "@parameters('Sandpit-USPF-SPSite (sjl_SandpitUSPF)')",
              "parameters/method": "POST",
              "parameters/uri": "/_api/web/ensureuser",
              "parameters/headers": {
                "accept": "application/json;odata=verbose",
                "content-type": "application/json;odata=verbose"
              },
              "parameters/body": "@outputs('Compose_|_Ensure_User_|_Body')"
            },
            "authentication": {
              "type": "Raw",
              "value": "@json(decodeBase64(triggerOutputs().headers['X-MS-APIM-Tokens']))['$ConnectionKey']"
            }
          },
          "description": "Checks whether the specified login name belongs to a valid user in the site. If the user doesn't exist, adds the user to the site."
        },
        "Compose_|_Ensure_User_|_Body": {
          "runAfter": {
            "Search_for_users_(V2)_|_By_EmailAddress": [
              "Succeeded"
            ]
          },
          "metadata": {
            "operationMetadataId": "eacf7c47-c47b-4ff0-b993-5edd26feeb51"
          },
          "type": "Compose",
          "inputs": {
            "logonName": "@{first(outputs('Search_for_users_(V2)_|_By_EmailAddress')?['body/value'])?['UserPrincipalName']}"
          },
          "description": "@{first(outputs('Search_for_users_(V2)_|_By_EmailAddress')?['body/value'])?['UserPrincipalName']}"
        },
        "Compose_|_Ensure_User_ID": {
          "runAfter": {
            "Send_an_HTTP_request_to_SharePoint_|_POST_|_Ensure_User": [
              "Succeeded"
            ]
          },
          "metadata": {
            "operationMetadataId": "eb41c5c9-ade3-4b4c-b7d9-c854a2157e5a"
          },
          "type": "Compose",
          "inputs": "@body('Send_an_HTTP_request_to_SharePoint_|_POST_|_Ensure_User')?['d']?['Id']",
          "description": "@{body('Send_an_HTTP_request_to_SharePoint_|_POST_|_Ensure_User')?['d']?['Id']}"
        },
        "Search_for_users_(V2)_|_By_EmailAddress": {
          "runAfter": {
            "Compose_|_PeopleID_Array": [
              "Succeeded"
            ]
          },
          "metadata": {
            "operationMetadataId": "c1d75e81-0e80-43bd-b58a-a8b0dcf7ffdb"
          },
          "type": "OpenApiConnection",
          "inputs": {
            "host": {
              "connectionName": "shared_office365users",
              "operationId": "SearchUserV2",
              "apiId": "/providers/Microsoft.PowerApps/apis/shared_office365users"
            },
            "parameters": {
              "searchTerm": "@variables('EmailAddress')",
              "top": 1,
              "isSearchTermRequired": true
            },
            "authentication": {
              "type": "Raw",
              "value": "@json(decodeBase64(triggerOutputs().headers['X-MS-APIM-Tokens']))['$ConnectionKey']"
            }
          },
          "description": "Get the first account with the given email address."
        },
        "Terminate_|_Succeeded": {
          "runAfter": {
            "Send_an_HTTP_request_to_SharePoint_|_PATCH_|_Add_Account": [
              "Succeeded"
            ]
          },
          "metadata": {
            "operationMetadataId": "4f54ba6b-cf5e-4c72-ae94-04199fabd790"
          },
          "type": "Terminate",
          "inputs": {
            "runStatus": "Succeeded"
          }
        }
      }
    },
    "templateName": ""
  },
  "schemaVersion": "1.0.0.0"
}