{
  "properties": {
    "connectionReferences": {
      "shared_sharepointonline": {
        "runtimeSource": "invoker",
        "connection": {
          "connectionReferenceLogicalName": "sjl_SandpitUSPFSharePoint"
        },
        "api": {
          "name": "shared_sharepointonline"
        }
      }
    },
    "definition": {
      "$schema": "https://schema.management.azure.com/providers/Microsoft.Logic/schemas/2016-06-01/workflowdefinition.json#",
      "contentVersion": "1.0.0.0",
      "parameters": {
        "$connections": {
          "defaultValue": {},
          "type": "Object"
        },
        "$authentication": {
          "defaultValue": {},
          "type": "SecureObject"
        },
        "Sandpit-USPF-SPSite (sjl_SandpitUSPF)": {
          "defaultValue": "https://sion365.sharepoint.com/sites/PowerApps",
          "type": "String",
          "metadata": {
            "schemaName": "sjl_SandpitUSPF",
            "description": "The site collection that hosts the SharePoint list."
          }
        },
        "Sandpit-USPF-SPList (sjl_SandpitUSPFSPList)": {
          "defaultValue": "2ef58730-c8ce-47f3-9689-7255ca1f42c7",
          "type": "String",
          "metadata": {
            "schemaName": "sjl_SandpitUSPFSPList",
            "description": "SharePoint list that has the 'People' field. The field's internal name is 'People'."
          }
        }
      },
      "triggers": {
        "manual": {
          "metadata": {
            "operationMetadataId": "94d73e63-41d4-4976-8bc8-3cc23669352c"
          },
          "type": "Request",
          "kind": "Button",
          "inputs": {
            "schema": {
              "type": "object",
              "properties": {
                "number": {
                  "title": "Item ID",
                  "type": "number",
                  "x-ms-dynamically-added": true,
                  "description": "Please the item ID",
                  "x-ms-content-hint": "NUMBER"
                },
                "email": {
                  "title": "Email",
                  "type": "string",
                  "format": "email",
                  "x-ms-dynamically-added": true,
                  "description": "Please enter an e-mail address",
                  "x-ms-content-hint": "EMAIL"
                }
              },
              "required": [
                "number",
                "email"
              ]
            }
          }
        }
      },
      "actions": {
        "Send_an_HTTP_request_to_SharePoint_|_PATCH_|_Add_Account": {
          "runAfter": {
            "Compose_|_Update_Account_Body": [
              "Succeeded"
            ]
          },
          "metadata": {
            "operationMetadataId": "fe97ba27-8caa-40a8-a3ee-abe1d3583296"
          },
          "type": "OpenApiConnection",
          "inputs": {
            "host": {
              "connectionName": "shared_sharepointonline",
              "operationId": "HttpRequest",
              "apiId": "/providers/Microsoft.PowerApps/apis/shared_sharepointonline"
            },
            "parameters": {
              "dataset": "@parameters('Sandpit-USPF-SPSite (sjl_SandpitUSPF)')",
              "parameters/method": "PATCH",
              "parameters/uri": "/_api/web/lists(guid'@{parameters('Sandpit-USPF-SPList (sjl_SandpitUSPFSPList)')}')/items(@{variables('ItemID')})",
              "parameters/headers": {
                "X-HTTP-Method": "MERGE",
                "accept": "application/json;odata=verbose",
                "content-type": "application/json;odata=verbose",
                "If-Match": "*"
              },
              "parameters/body": "@outputs('Compose_|_Update_Account_Body')"
            },
            "authentication": {
              "type": "Raw",
              "value": "@json(decodeBase64(triggerOutputs().headers['X-MS-APIM-Tokens']))['$ConnectionKey']"
            }
          },
          "description": "Update the 'People' field."
        },
        "Compose_|_Update_Account_Body": {
          "runAfter": {
            "Filter_array_|_Remove_Person_ID_From_Array": [
              "Succeeded"
            ]
          },
          "metadata": {
            "operationMetadataId": "da00a74d-6684-407b-b6d7-073a725ee20e"
          },
          "type": "Compose",
          "inputs": {
            "__metadata": {
              "type": "@{body('Parse_JSON_|_Item')?['d']?['__metadata']?['type']}"
            },
            "PeopleId": {
              "__metadata": {
                "type": "Collection(Edm.Int32)"
              },
              "results": "@body('Filter_array_|_Remove_Person_ID_From_Array')"
            }
          },
          "description": "Multiselect fields expect an array [...]... "
        },
        "Initialize_variable_|_ItemID": {
          "runAfter": {},
          "metadata": {
            "operationMetadataId": "a92ee7ab-075c-493e-9e02-2ff571edd315"
          },
          "type": "InitializeVariable",
          "inputs": {
            "variables": [
              {
                "name": "ItemID",
                "type": "integer",
                "value": "@triggerBody()['number']"
              }
            ]
          },
          "description": "The selected Item ID."
        },
        "Send_an_HTTP_request_to_SharePoint_|_GET_|_Item_By_ID": {
          "runAfter": {
            "Initialize_variable_|_EmailAddress": [
              "Succeeded"
            ]
          },
          "metadata": {
            "operationMetadataId": "ce67cb75-a136-48f5-aee5-80242169600d"
          },
          "type": "OpenApiConnection",
          "inputs": {
            "host": {
              "connectionName": "shared_sharepointonline",
              "operationId": "HttpRequest",
              "apiId": "/providers/Microsoft.PowerApps/apis/shared_sharepointonline"
            },
            "parameters": {
              "dataset": "@parameters('Sandpit-USPF-SPSite (sjl_SandpitUSPF)')",
              "parameters/method": "GET",
              "parameters/uri": "/_api/web/lists(guid'@{parameters('Sandpit-USPF-SPList (sjl_SandpitUSPFSPList)')}')/items(@{variables('ItemID')})?$select=Id,Title,PeopleId,PeopleStringId,Modified",
              "parameters/headers": {
                "accept": "application/json;odata=verbose",
                "content-type": "application/json;odata=verbose"
              }
            },
            "authentication": {
              "type": "Raw",
              "value": "@json(decodeBase64(triggerOutputs().headers['X-MS-APIM-Tokens']))['$ConnectionKey']"
            }
          },
          "description": "In a 'real' world scenario this step could be replaced by the SharePoint selected item trigger..."
        },
        "Terminate_|_Cancelled_|_List_Item_Not_Found": {
          "runAfter": {
            "Send_an_HTTP_request_to_SharePoint_|_GET_|_Item_By_ID": [
              "Failed",
              "Skipped",
              "TimedOut"
            ]
          },
          "metadata": {
            "operationMetadataId": "1d5f70f5-71a8-4346-a201-4dd74f0faef0"
          },
          "type": "Terminate",
          "inputs": {
            "runStatus": "Cancelled"
          },
          "description": "Does the item exists for the specified ID?"
        },
        "Send_an_HTTP_request_to_SharePoint_|_GET_|_Person_ID": {
          "runAfter": {
            "Compose_|_PeopleID_Array": [
              "Succeeded"
            ]
          },
          "metadata": {
            "operationMetadataId": "cf22003f-e1b9-4bc1-b3b4-69dccc42d793"
          },
          "type": "OpenApiConnection",
          "inputs": {
            "host": {
              "connectionName": "shared_sharepointonline",
              "operationId": "HttpRequest",
              "apiId": "/providers/Microsoft.PowerApps/apis/shared_sharepointonline"
            },
            "parameters": {
              "dataset": "@parameters('Sandpit-USPF-SPSite (sjl_SandpitUSPF)')",
              "parameters/method": "GET",
              "parameters/uri": "_api/web/SiteUsers/getByEmail('@{variables('EmailAddress')}')?$select=Id",
              "parameters/headers": {
                "accept": "application/json;odata=verbose",
                "content-type": "application/json;odata=verbose"
              }
            },
            "authentication": {
              "type": "Raw",
              "value": "@json(decodeBase64(triggerOutputs().headers['X-MS-APIM-Tokens']))['$ConnectionKey']"
            },
            "retryPolicy": {
              "type": "fixed",
              "count": 3,
              "interval": "PT20S"
            }
          }
        },
        "Initialize_variable_|_EmailAddress": {
          "runAfter": {
            "Initialize_variable_|_ItemID": [
              "Succeeded"
            ]
          },
          "metadata": {
            "operationMetadataId": "33375251-57f4-4dc4-bbe2-1a0eab8f2da6"
          },
          "type": "InitializeVariable",
          "inputs": {
            "variables": [
              {
                "name": "EmailAddress",
                "type": "string",
                "value": "@triggerBody()['email']"
              }
            ]
          },
          "description": "For example: name@tenant.onmicrosoft.com"
        },
        "Parse_JSON_|_Item": {
          "runAfter": {
            "Send_an_HTTP_request_to_SharePoint_|_GET_|_Item_By_ID": [
              "Succeeded"
            ]
          },
          "metadata": {
            "operationMetadataId": "1facaa49-871f-4213-add6-b0b021a5d421"
          },
          "type": "ParseJson",
          "inputs": {
            "content": "@body('Send_an_HTTP_request_to_SharePoint_|_GET_|_Item_By_ID')",
            "schema": {
              "type": "object",
              "properties": {
                "d": {
                  "type": "object",
                  "properties": {
                    "__metadata": {
                      "type": "object",
                      "properties": {
                        "id": {
                          "type": "string"
                        },
                        "uri": {
                          "type": "string"
                        },
                        "etag": {
                          "type": "string"
                        },
                        "type": {
                          "type": "string"
                        }
                      }
                    },
                    "Id": {
                      "type": "integer"
                    },
                    "Title": {
                      "type": "string"
                    },
                    "PeopleId": {
                      "type": "object",
                      "properties": {
                        "__metadata": {
                          "type": "object",
                          "properties": {
                            "type": {
                              "type": "string"
                            }
                          }
                        },
                        "results": {
                          "type": "array",
                          "items": {
                            "type": "integer"
                          }
                        }
                      }
                    },
                    "PeopleStringId": {
                      "type": "object",
                      "properties": {
                        "__metadata": {
                          "type": "object",
                          "properties": {
                            "type": {
                              "type": "string"
                            }
                          }
                        },
                        "results": {
                          "type": "array",
                          "items": {
                            "type": "string"
                          }
                        }
                      }
                    },
                    "ID": {
                      "type": "integer"
                    },
                    "Modified": {
                      "type": "string"
                    }
                  }
                }
              }
            }
          }
        },
        "Compose_|_PeopleID_Array": {
          "runAfter": {
            "Parse_JSON_|_Item": [
              "Succeeded"
            ]
          },
          "metadata": {
            "operationMetadataId": "93c5bb64-7bc6-47a3-a424-e7c75a0532b8"
          },
          "type": "Compose",
          "inputs": "@body('Parse_JSON_|_Item')?['d']?['PeopleId']?['results']",
          "description": "@{body('Parse_JSON_|_Item')?['d']?['PeopleId']?['results']}"
        },
        "Filter_array_|_Remove_Person_ID_From_Array": {
          "runAfter": {
            "Compose_|_Ensure_User_ID": [
              "Succeeded"
            ]
          },
          "metadata": {
            "operationMetadataId": "eef3c2de-1d12-4212-87dc-730554757d3d"
          },
          "type": "Query",
          "inputs": {
            "from": "@outputs('Compose_|_PeopleID_Array')",
            "where": "@not(equals(item(), outputs('Compose_|_Ensure_User_ID')))"
          },
          "description": "@item() IS NOT EQUAL TO @outputs('Compose_|_Ensure_User_ID')"
        },
        "Terminate_|_Succeeded": {
          "runAfter": {
            "Send_an_HTTP_request_to_SharePoint_|_PATCH_|_Add_Account": [
              "Succeeded"
            ]
          },
          "metadata": {
            "operationMetadataId": "4726ec46-785c-4951-8f7b-f2b2a23b8087"
          },
          "type": "Terminate",
          "inputs": {
            "runStatus": "Succeeded"
          }
        },
        "Compose_|_Ensure_User_ID": {
          "runAfter": {
            "Send_an_HTTP_request_to_SharePoint_|_GET_|_Person_ID": [
              "Succeeded"
            ]
          },
          "metadata": {
            "operationMetadataId": "eb41c5c9-ade3-4b4c-b7d9-c854a2157e5a"
          },
          "type": "Compose",
          "inputs": "@body('Send_an_HTTP_request_to_SharePoint_|_GET_|_Person_ID')?['d']?['Id']",
          "description": "@{body('Send_an_HTTP_request_to_SharePoint_|_GET_|_Person_ID')?['d']?['Id']}"
        },
        "Terminate_|_Cancelled_|_Person_Not_Found": {
          "runAfter": {
            "Send_an_HTTP_request_to_SharePoint_|_GET_|_Person_ID": [
              "Failed",
              "Skipped",
              "TimedOut"
            ]
          },
          "metadata": {
            "operationMetadataId": "600c580f-0d55-4e03-9fe2-c070f71a252f"
          },
          "type": "Terminate",
          "inputs": {
            "runStatus": "Cancelled"
          },
          "description": "Could have used the Ensure User endpoint, however that step would added the account to the site, which seem wrong when trying to remove the account from a field."
        }
      }
    },
    "templateName": ""
  },
  "schemaVersion": "1.0.0.0"
}