<ImportExportXml xmlns:xsi="http://www.w3.org/2001/XMLSchema-instance">
  <Entities></Entities>
  <Roles></Roles>
  <Workflows>
    <Workflow WorkflowId="{11c317c5-787e-ed11-81ad-000d3adecd93}" Name="PoCIV: Get Latest Image URL">
      <JsonFileName>/Workflows/PoCIVGetLatestImageURL-11C317C5-787E-ED11-81AD-000D3ADECD93.json</JsonFileName>
      <Type>1</Type>
      <Subprocess>0</Subprocess>
      <Category>5</Category>
      <Mode>0</Mode>
      <Scope>4</Scope>
      <OnDemand>0</OnDemand>
      <TriggerOnCreate>0</TriggerOnCreate>
      <TriggerOnDelete>0</TriggerOnDelete>
      <AsyncAutodelete>0</AsyncAutodelete>
      <SyncWorkflowLogOnFailure>0</SyncWorkflowLogOnFailure>
      <StateCode>1</StateCode>
      <StatusCode>2</StatusCode>
      <RunAs>1</RunAs>
      <IsTransacted>1</IsTransacted>
      <IntroducedVersion>1.0.0.0</IntroducedVersion>
      <IsCustomizable>1</IsCustomizable>
      <BusinessProcessType>0</BusinessProcessType>
      <IsCustomProcessingStepAllowedForOtherPublishers>1</IsCustomProcessingStepAllowedForOtherPublishers>
      <PrimaryEntity>none</PrimaryEntity>
      <LocalizedNames>
        <LocalizedName languagecode="1033" description="PoCIV: Get Latest Image URL" />
      </LocalizedNames>
    </Workflow>
  </Workflows>
  <FieldSecurityProfiles></FieldSecurityProfiles>
  <Templates />
  <EntityMaps />
  <EntityRelationships />
  <OrganizationSettings />
  <optionsets />
  <CustomControls />
  <EntityDataProviders />
  <CanvasApps>
    <CanvasApp>
      <Name>sjlewis_pocimageviewer_9be5e</Name>
      <AppVersion>2024-06-08T05:43:56Z</AppVersion>
      <Status>Ready</Status>
      <CreatedByClientVersion>3.24054.19.0</CreatedByClientVersion>
      <MinClientVersion>3.24054.19.0</MinClientVersion>
      <Tags>{"primaryDeviceWidth":"810","primaryDeviceHeight":"1080","supportsPortrait":"true","supportsLandscape":"true","primaryFormFactor":"Tablet","publisherVersion":"3.24054.19","minimumRequiredApiVersion":"2.2.0","hasComponent":"true","hasUnlockedComponent":"true","isUnifiedRootApp":"false","sienaVersion":"20221218T055823Z-3.22121.19.0","showStatusBar":"false"}</Tags>
      <IsCdsUpgraded>0</IsCdsUpgraded>
      <GalleryItemId xsi:nil="true"></GalleryItemId>
      <BackgroundColor>rgba(119, 163, 174, 1)</BackgroundColor>
      <DisplayName>PoC Image Viewer</DisplayName>
      <Description xsi:nil="true"></Description>
      <CommitMessage xsi:nil="true"></CommitMessage>
      <Publisher xsi:nil="true"></Publisher>
      <AuthorizationReferences>[]</AuthorizationReferences>
      <ConnectionReferences>{"0b151c6c-f51f-4613-b1fd-682d8a5a2917":{"id":"/providers/microsoft.powerapps/apis/shared_logicflows","displayName":"Logic flows","iconUri":"https://connectoricons-prod.azureedge.net/u/patelronak/specialtrain-logicflows-2/1.0.1692.3734/logicflows/icon.png","dataSources":["PoCIV:GetLatestImageURL"],"dependencies":["29dd65b8-b715-4d87-b4c9-6ae211027b81"],"dependents":[],"parameterHints":{"workflowName":{"value":"769cb1e5-6ab6-4ce0-ab7b-7cd4ba0efa37"},"workflowEntityId":{"value":"11c317c5-787e-ed11-81ad-000d3adecd93"},"workflowDisplayName":{"value":"PoCIV: Get Latest Image URL"},"29dd65b8-b715-4d87-b4c9-6ae211027b81":{"value":"shared_sharepointonline"}},"parameterHintsV2":{"workflowName":{"value":"769cb1e5-6ab6-4ce0-ab7b-7cd4ba0efa37"},"workflowEntityId":{"value":"11c317c5-787e-ed11-81ad-000d3adecd93"},"workflowDisplayName":{"value":"PoCIV: Get Latest Image URL"},"shared_sharepointonline":{"value":"29dd65b8-b715-4d87-b4c9-6ae211027b81"}},"isOnPremiseConnection":false,"bypassConsent":false,"dataSets":{},"apiTier":"Standard","actions":["Run"]},"29dd65b8-b715-4d87-b4c9-6ae211027b81":{"id":"/providers/microsoft.powerapps/apis/shared_sharepointonline","displayName":"SharePoint","iconUri":"https://connectoricons-prod.azureedge.net/releases/v1.0.1693/1.0.1693.3738/sharepointonline/icon.png","dataSources":[],"dependencies":[],"dependents":["0b151c6c-f51f-4613-b1fd-682d8a5a2917"],"parameterHints":{},"parameterHintsV2":{},"isOnPremiseConnection":false,"bypassConsent":false,"dataSets":{},"apiTier":"Standard"}}</ConnectionReferences>
      <DatabaseReferences>{}</DatabaseReferences>
      <AppComponents>[]</AppComponents>
      <AppComponentDependencies>[]</AppComponentDependencies>
      <CanConsumeAppPass>1</CanConsumeAppPass>
      <CanvasAppType>0</CanvasAppType>
      <BypassConsent>0</BypassConsent>
      <AdminControlBypassConsent>0</AdminControlBypassConsent>
      <EmbeddedApp xsi:nil="true"></EmbeddedApp>
      <IntroducedVersion>1.0</IntroducedVersion>
      <CdsDependencies>{"cdsdependencies":[{"dependencyid":"11c317c5-787e-ed11-81ad-000d3adecd93","componenttype":29,"componenttypeplatformname":"Workflow"}]}</CdsDependencies>
      <IsCustomizable>1</IsCustomizable>
      <BackgroundImageUri>/CanvasApps/sjlewis_pocimageviewer_9be5e_BackgroundImageUri</BackgroundImageUri>
      <DocumentUri>/CanvasApps/sjlewis_pocimageviewer_9be5e_DocumentUri.msapp</DocumentUri>
      <AdditionalUris>
        <AdditionalUri>/CanvasApps/sjlewis_pocimageviewer_9be5e_AdditionalUris0_identity.json</AdditionalUri>
      </AdditionalUris>
    </CanvasApp>
  </CanvasApps>
  <connectionreferences>
    <connectionreference connectionreferencelogicalname="sjlewis_PoCIVSharePoint">
      <connectionreferencedisplayname>PoCIV: SharePoint</connectionreferencedisplayname>
      <connectorid>/providers/Microsoft.PowerApps/apis/shared_sharepointonline</connectorid>
      <description>SharePoint connection reference.</description>
      <iscustomizable>1</iscustomizable>
      <statecode>0</statecode>
      <statuscode>1</statuscode>
    </connectionreference>
  </connectionreferences>
  <Languages>
    <Language>1033</Language>
  </Languages>
</ImportExportXml>