<environmentvariabledefinition schemaname="sjlewis_EmailITAdmin">
  <description default="IT Admin team members who will manage and support this solution.">
    <label description="IT Admin team members who will manage and support this solution." languagecode="1033" />
  </description>
  <displayname default="Email: IT Admin">
    <label description="Email: IT Admin" languagecode="1033" />
  </displayname>
  <introducedversion>1.0.0.0</introducedversion>
  <iscustomizable>1</iscustomizable>
  <isrequired>0</isrequired>
  <secretstore>0</secretstore>
  <type>100000000</type>
</environmentvariabledefinition>