<ImportExportXml version="9.2.23112.204" SolutionPackageVersion="9.2" languagecode="1033" generatedBy="CrmLive" xmlns:xsi="http://www.w3.org/2001/XMLSchema-instance">
  <SolutionManifest>
    <UniqueName>SandpitAssetManagement</UniqueName>
    <LocalizedNames>
      <LocalizedName description="Sandpit: Asset Management" languagecode="1033" />
    </LocalizedNames>
    <Descriptions />
    <Version>1.0.0.3</Version>
    <Managed>1</Managed>
    <Publisher>
      <UniqueName>SJLewisSandbox</UniqueName>
      <LocalizedNames>
        <LocalizedName description="Siôn J. Lewis Sandbox" languagecode="1033" />
      </LocalizedNames>
      <Descriptions>
        <Description description="A 'sandbox' publishing profile is used for testing and sharing concepts and ideas." languagecode="1033" />
      </Descriptions>
      <EMailAddress xsi:nil="true"></EMailAddress>
      <SupportingWebsiteUrl>https://www.sjlewis.com</SupportingWebsiteUrl>
      <CustomizationPrefix>sjl</CustomizationPrefix>
      <CustomizationOptionValuePrefix>92133</CustomizationOptionValuePrefix>
      <Addresses>
        <Address>
          <AddressNumber>1</AddressNumber>
          <AddressTypeCode>1</AddressTypeCode>
          <City xsi:nil="true"></City>
          <County xsi:nil="true"></County>
          <Country xsi:nil="true"></Country>
          <Fax xsi:nil="true"></Fax>
          <FreightTermsCode xsi:nil="true"></FreightTermsCode>
          <ImportSequenceNumber xsi:nil="true"></ImportSequenceNumber>
          <Latitude xsi:nil="true"></Latitude>
          <Line1 xsi:nil="true"></Line1>
          <Line2 xsi:nil="true"></Line2>
          <Line3 xsi:nil="true"></Line3>
          <Longitude xsi:nil="true"></Longitude>
          <Name xsi:nil="true"></Name>
          <PostalCode xsi:nil="true"></PostalCode>
          <PostOfficeBox xsi:nil="true"></PostOfficeBox>
          <PrimaryContactName xsi:nil="true"></PrimaryContactName>
          <ShippingMethodCode>1</ShippingMethodCode>
          <StateOrProvince xsi:nil="true"></StateOrProvince>
          <Telephone1 xsi:nil="true"></Telephone1>
          <Telephone2 xsi:nil="true"></Telephone2>
          <Telephone3 xsi:nil="true"></Telephone3>
          <TimeZoneRuleVersionNumber xsi:nil="true"></TimeZoneRuleVersionNumber>
          <UPSZone xsi:nil="true"></UPSZone>
          <UTCOffset xsi:nil="true"></UTCOffset>
          <UTCConversionTimeZoneCode xsi:nil="true"></UTCConversionTimeZoneCode>
        </Address>
        <Address>
          <AddressNumber>2</AddressNumber>
          <AddressTypeCode>1</AddressTypeCode>
          <City xsi:nil="true"></City>
          <County xsi:nil="true"></County>
          <Country xsi:nil="true"></Country>
          <Fax xsi:nil="true"></Fax>
          <FreightTermsCode xsi:nil="true"></FreightTermsCode>
          <ImportSequenceNumber xsi:nil="true"></ImportSequenceNumber>
          <Latitude xsi:nil="true"></Latitude>
          <Line1 xsi:nil="true"></Line1>
          <Line2 xsi:nil="true"></Line2>
          <Line3 xsi:nil="true"></Line3>
          <Longitude xsi:nil="true"></Longitude>
          <Name xsi:nil="true"></Name>
          <PostalCode xsi:nil="true"></PostalCode>
          <PostOfficeBox xsi:nil="true"></PostOfficeBox>
          <PrimaryContactName xsi:nil="true"></PrimaryContactName>
          <ShippingMethodCode>1</ShippingMethodCode>
          <StateOrProvince xsi:nil="true"></StateOrProvince>
          <Telephone1 xsi:nil="true"></Telephone1>
          <Telephone2 xsi:nil="true"></Telephone2>
          <Telephone3 xsi:nil="true"></Telephone3>
          <TimeZoneRuleVersionNumber xsi:nil="true"></TimeZoneRuleVersionNumber>
          <UPSZone xsi:nil="true"></UPSZone>
          <UTCOffset xsi:nil="true"></UTCOffset>
          <UTCConversionTimeZoneCode xsi:nil="true"></UTCConversionTimeZoneCode>
        </Address>
      </Addresses>
    </Publisher>
    <RootComponents>
      <RootComponent type="1" schemaName="contact" behavior="2" />
      <RootComponent type="1" schemaName="sjl_asset" behavior="0" />
      <RootComponent type="1" schemaName="sjl_assetallocastionprocess" behavior="0" />
      <RootComponent type="1" schemaName="sjl_assetallocation" behavior="0" />
      <RootComponent type="1" schemaName="sjl_assetcheck" behavior="0" />
      <RootComponent type="9" schemaName="sjl_allocationcheck" behavior="0" />
      <RootComponent type="9" schemaName="sjl_allocationstatus" behavior="0" />
      <RootComponent type="9" schemaName="sjl_approvalstatus" behavior="0" />
      <RootComponent type="20" id="{b14d6288-6899-ee11-be37-6045bdf1e40a}" behavior="0" />
      <RootComponent type="29" id="{34f35888-6e98-ee11-be37-6045bdf1e40a}" behavior="0" />
      <RootComponent type="29" id="{a3a6b3e2-7198-ee11-be37-6045bdf1e40a}" behavior="0" />
      <RootComponent type="29" id="{db3f4243-6599-ee11-be37-6045bdf1e40a}" behavior="0" />
      <RootComponent type="29" id="{e60466da-7698-ee11-be37-6045bdf1e40a}" behavior="0" />
      <RootComponent type="60" id="{9864c6cd-3099-ee11-be37-6045bdf1e40a}" behavior="0" />
      <RootComponent type="60" id="{9ea9f0e5-6099-ee11-be37-6045bdf1e40a}" behavior="0" />
      <RootComponent type="61" schemaName="msdyn_/Icons/AnalysisResult.svg" behavior="0" />
      <RootComponent type="61" schemaName="sjl_assetIcon" behavior="0" />
      <RootComponent type="61" schemaName="sjl_checkIcon" behavior="0" />
      <RootComponent type="62" schemaName="sjl_AssetManagementApp" behavior="0" />
      <RootComponent type="80" schemaName="sjl_AssetManagementApp" behavior="0" />
      <RootComponent type="431" schemaName="contact sjl_profilepicture" behavior="0" />
    </RootComponents>
    <MissingDependencies>
      <MissingDependency>
        <Required type="61" schemaName="msdyn_/Icons/AnalysisResult.svg" displayName="msdyn_/Icons/AnalysisResult.svg" solution="msdyn_PowerAppsChecker (2.0.0.8)">
          <package>msdyn_PowerAppsCheckerAnchor (2.0.0.8)</package>
        </Required>
        <Dependent type="1" schemaName="sjl_assetallocation" displayName="Asset Allocation" />
      </MissingDependency>
      <MissingDependency>
        <Required type="61" schemaName="msdyn_/Icons/AnalysisResult.svg" displayName="msdyn_/Icons/AnalysisResult.svg" solution="msdyn_PowerAppsChecker (2.0.0.8)">
          <package>msdyn_PowerAppsCheckerAnchor (2.0.0.8)</package>
        </Required>
        <Dependent type="61" schemaName="msdyn_/Icons/AnalysisResult.svg" displayName="msdyn_/Icons/AnalysisResult.svg" />
      </MissingDependency>
      <MissingDependency>
        <Required type="61" schemaName="msdyn_/Images/AppModule_Default_Icon.png" displayName="msdyn_/Images/AppModule_Default_Icon.png" solution="AppModuleWebResources (2.5)" />
        <Dependent type="80" schemaName="sjl_AssetManagementApp" displayName="Asset Management App" />
      </MissingDependency>
      <MissingDependency>
        <Required type="66" schemaName="MscrmControls.FieldControls.ToggleControl" displayName="MscrmControls.FieldControls.ToggleControl" solution="BaseCustomControlsCore (9.0.2311.2017)" />
        <Dependent type="60" displayName="Asset Allocation main form" parentDisplayName="Asset Allocation" id="{51c1020f-6d98-ee11-be37-6045bdf1e40a}" />
      </MissingDependency>
      <MissingDependency>
        <Required type="66" schemaName="MscrmControls.Rating.StarRatingControl" displayName="MscrmControls.Rating.StarRatingControl" solution="CustomControlsCore (9.2.23112.00204)" />
        <Dependent type="60" displayName="Asset Check main form" parentDisplayName="Asset Check" id="{a415d2cc-1893-ee11-be37-6045bdf1e40a}" />
      </MissingDependency>
    </MissingDependencies>
  </SolutionManifest>
</ImportExportXml>