{
  "properties": {
    "connectionReferences": {
      "shared_commondataserviceforapps": {
        "runtimeSource": "embedded",
        "connection": {
          "connectionReferenceLogicalName": "sjl_SAMMicrosoftDataverse"
        },
        "api": {
          "name": "shared_commondataserviceforapps"
        }
      }
    },
    "definition": {
      "$schema": "https://schema.management.azure.com/providers/Microsoft.Logic/schemas/2016-06-01/workflowdefinition.json#",
      "contentVersion": "1.0.0.0",
      "parameters": {
        "$connections": {
          "defaultValue": {},
          "type": "Object"
        },
        "$authentication": {
          "defaultValue": {},
          "type": "SecureObject"
        }
      },
      "triggers": {
        "When_a_row_is_added,_modified_or_deleted_|_Asset_Allocation_Is_Assigned": {
          "metadata": {
            "operationMetadataId": "3c72a373-7b17-4ccc-b518-7d3a913ac131"
          },
          "type": "OpenApiConnectionWebhook",
          "inputs": {
            "host": {
              "connectionName": "shared_commondataserviceforapps",
              "operationId": "SubscribeWebhookTrigger",
              "apiId": "/providers/Microsoft.PowerApps/apis/shared_commondataserviceforapps"
            },
            "parameters": {
              "subscriptionRequest/message": 4,
              "subscriptionRequest/entityname": "sjl_assetallocation",
              "subscriptionRequest/scope": 2,
              "subscriptionRequest/filteringattributes": "sjl_allocationdate"
            },
            "authentication": "@parameters('$authentication')"
          },
          "description": "Change type: Added or Modified, Table name: Asset Allocations, Scope: Business Unit, Select columns: sjl_allocationdate"
        }
      },
      "actions": {
        "Get_a_row_by_ID_|_The_Related_Asset": {
          "runAfter": {},
          "metadata": {
            "operationMetadataId": "b98a1959-43b6-4f9e-9d9c-85c9e253fb82"
          },
          "type": "OpenApiConnection",
          "inputs": {
            "host": {
              "connectionName": "shared_commondataserviceforapps",
              "operationId": "GetItem",
              "apiId": "/providers/Microsoft.PowerApps/apis/shared_commondataserviceforapps"
            },
            "parameters": {
              "entityName": "sjl_assets",
              "recordId": "@triggerOutputs()?['body/_sjl_asset_value']"
            },
            "authentication": "@parameters('$authentication')"
          },
          "description": "Table name: Assets, Row ID: Asset (Value)"
        },
        "Update_a_row_|_The_Related_Asset": {
          "runAfter": {
            "Get_a_row_by_ID_|_The_Related_Asset": [
              "Succeeded"
            ]
          },
          "metadata": {
            "operationMetadataId": "fdef25a3-60c6-4244-89db-4df0c7d26622"
          },
          "type": "OpenApiConnection",
          "inputs": {
            "host": {
              "connectionName": "shared_commondataserviceforapps",
              "operationId": "UpdateRecord",
              "apiId": "/providers/Microsoft.PowerApps/apis/shared_commondataserviceforapps"
            },
            "parameters": {
              "entityName": "sjl_assets",
              "recordId": "@outputs('Get_a_row_by_ID_|_The_Related_Asset')?['body/sjl_assetid']",
              "item/sjl_allocationstatus": 921330001
            },
            "authentication": "@parameters('$authentication')"
          },
          "description": "Table name: Assets, Row ID: Asset"
        }
      }
    },
    "templateName": null
  },
  "schemaVersion": "1.0.0.0"
}