<environmentvariabledefinition schemaname="sjl_SandpitMIASPLibrary">
  <apiid>/providers/microsoft.powerapps/apis/shared_sharepointonline</apiid>
  <description default="Connection to the Image library.">
    <label description="Connection to the Image library." languagecode="1033" />
  </description>
  <displayname default="Sandpit-MIA-SPLibrary">
    <label description="Sandpit-MIA-SPLibrary" languagecode="1033" />
  </displayname>
  <introducedversion>1.0.0.0</introducedversion>
  <iscustomizable>1</iscustomizable>
  <isrequired>0</isrequired>
  <parameterkey>table</parameterkey>
  <parentdefinitionid>
    <schemaname>sjl_SandpitMIASPSite</schemaname>
  </parentdefinitionid>
  <secretstore>0</secretstore>
  <type>100000004</type>
</environmentvariabledefinition>