{
  "properties": {
    "connectionReferences": {
      "shared_sharepointonline": {
        "runtimeSource": "invoker",
        "connection": {
          "connectionReferenceLogicalName": "sjlewis_PoCIVSharePoint"
        },
        "api": {
          "name": "shared_sharepointonline"
        }
      }
    },
    "definition": {
      "$schema": "https://schema.management.azure.com/providers/Microsoft.Logic/schemas/2016-06-01/workflowdefinition.json#",
      "contentVersion": "1.0.0.0",
      "parameters": {
        "$connections": {
          "defaultValue": {},
          "type": "Object"
        },
        "$authentication": {
          "defaultValue": {},
          "type": "SecureObject"
        },
        "PoCIV: SP-Site  (sjlewis_PoCIVSPSite)": {
          "defaultValue": "https://sion365.sharepoint.com/sites/PowerApps",
          "type": "String",
          "metadata": {
            "schemaName": "sjlewis_PoCIVSPSite"
          }
        },
        "PoCIV: SP-List Images (sjlewis_PoCIVSPListImages)": {
          "defaultValue": "9e9493f2-cc49-4fcd-867c-9c1a2954aa02",
          "type": "String",
          "metadata": {
            "schemaName": "sjlewis_PoCIVSPListImages"
          }
        }
      },
      "triggers": {
        "manual": {
          "metadata": {
            "operationMetadataId": "d839f34d-85ef-4116-bacb-b2ea350e158e"
          },
          "type": "Request",
          "kind": "PowerAppV2",
          "inputs": {
            "schema": {
              "type": "object",
              "properties": {},
              "required": []
            }
          }
        }
      },
      "actions": {
        "Respond_to_a_PowerApp_or_flow": {
          "runAfter": {
            "Compose_|_Images_|_Top_1": [
              "Succeeded"
            ]
          },
          "metadata": {
            "operationMetadataId": "426dd316-4571-450f-b900-79d85007b9a4"
          },
          "type": "Response",
          "kind": "PowerApp",
          "inputs": {
            "statusCode": 200,
            "body": {
              "imageurl": "@{outputs('Compose_|_Images_|_Top_1')}"
            },
            "schema": {
              "type": "object",
              "properties": {
                "imageurl": {
                  "title": "ImageUrl",
                  "x-ms-dynamically-added": true,
                  "type": "string"
                }
              }
            }
          }
        },
        "Get_files_(properties_only)_|_Images_|_Top_1": {
          "runAfter": {},
          "metadata": {
            "operationMetadataId": "a45d31dd-6ff2-438b-8d96-a3b72abf5334"
          },
          "type": "OpenApiConnection",
          "inputs": {
            "host": {
              "connectionName": "shared_sharepointonline",
              "operationId": "GetFileItems",
              "apiId": "/providers/Microsoft.PowerApps/apis/shared_sharepointonline"
            },
            "parameters": {
              "dataset": "@parameters('PoCIV: SP-Site  (sjlewis_PoCIVSPSite)')",
              "table": "@parameters('PoCIV: SP-List Images (sjlewis_PoCIVSPListImages)')",
              "$orderby": "Created desc",
              "$top": 1
            },
            "authentication": "@parameters('$authentication')"
          },
          "description": "Order By: Created desc"
        },
        "Parse_JSON_|_Images_|_Top_1": {
          "runAfter": {
            "Get_files_(properties_only)_|_Images_|_Top_1": [
              "Succeeded"
            ]
          },
          "metadata": {
            "operationMetadataId": "bddbba95-a236-4ea3-86ac-2494b759a4a1"
          },
          "type": "ParseJson",
          "inputs": {
            "content": "@outputs('Get_files_(properties_only)_|_Images_|_Top_1')?['body/value']",
            "schema": {
              "type": "array",
              "items": {
                "type": "object",
                "properties": {
                  "@@odata.etag": {
                    "type": "string"
                  },
                  "ItemInternalId": {
                    "type": "string"
                  },
                  "ID": {
                    "type": "integer"
                  },
                  "Created": {
                    "type": "string"
                  },
                  "Author": {
                    "type": "object",
                    "properties": {
                      "@@odata.type": {
                        "type": "string"
                      },
                      "Claims": {
                        "type": "string"
                      },
                      "DisplayName": {
                        "type": "string"
                      },
                      "Email": {
                        "type": "string"
                      },
                      "Picture": {
                        "type": "string"
                      },
                      "Department": {
                        "type": "string"
                      },
                      "JobTitle": {
                        "type": "string"
                      }
                    }
                  },
                  "Author#Claims": {
                    "type": "string"
                  },
                  "Modified": {
                    "type": "string"
                  },
                  "Editor": {
                    "type": "object",
                    "properties": {
                      "@@odata.type": {
                        "type": "string"
                      },
                      "Claims": {
                        "type": "string"
                      },
                      "DisplayName": {
                        "type": "string"
                      },
                      "Email": {
                        "type": "string"
                      },
                      "Picture": {
                        "type": "string"
                      },
                      "Department": {
                        "type": "string"
                      },
                      "JobTitle": {
                        "type": "string"
                      }
                    }
                  },
                  "Editor#Claims": {
                    "type": "string"
                  },
                  "TaxKeyword": {
                    "type": "array"
                  },
                  "TaxKeyword@odata.type": {
                    "type": "string"
                  },
                  "TaxKeyword#WssId": {
                    "type": "array"
                  },
                  "TaxKeyword#WssId@odata.type": {
                    "type": "string"
                  },
                  "Language": {
                    "type": "object",
                    "properties": {
                      "@@odata.type": {
                        "type": "string"
                      },
                      "Id": {
                        "type": "integer"
                      },
                      "Value": {
                        "type": "string"
                      }
                    }
                  },
                  "Language#Id": {
                    "type": "integer"
                  },
                  "MediaServiceImageTags": {
                    "type": "array"
                  },
                  "MediaServiceImageTags@odata.type": {
                    "type": "string"
                  },
                  "MediaServiceImageTags#WssId": {
                    "type": "array"
                  },
                  "MediaServiceImageTags#WssId@odata.type": {
                    "type": "string"
                  },
                  "OData__DisplayName": {
                    "type": "string"
                  },
                  "{Identifier}": {
                    "type": "string"
                  },
                  "{IsFolder}": {
                    "type": "boolean"
                  },
                  "{Thumbnail}": {
                    "type": "object",
                    "properties": {
                      "Large": {
                        "type": "string"
                      },
                      "Medium": {
                        "type": "string"
                      },
                      "Small": {
                        "type": "string"
                      }
                    }
                  },
                  "{Link}": {
                    "type": "string"
                  },
                  "{Name}": {
                    "type": "string"
                  },
                  "{FilenameWithExtension}": {
                    "type": "string"
                  },
                  "{Path}": {
                    "type": "string"
                  },
                  "{FullPath}": {
                    "type": "string"
                  },
                  "{ContentType}": {
                    "type": "object",
                    "properties": {
                      "@@odata.type": {
                        "type": "string"
                      },
                      "Id": {
                        "type": "string"
                      },
                      "Name": {
                        "type": "string"
                      }
                    }
                  },
                  "{ContentType}#Id": {
                    "type": "string"
                  },
                  "{IsCheckedOut}": {
                    "type": "boolean"
                  },
                  "{VersionNumber}": {
                    "type": "string"
                  },
                  "ImageWidth": {
                    "type": "integer"
                  },
                  "ImageHeight": {
                    "type": "integer"
                  },
                  "ImageCreateDate": {
                    "type": "string"
                  },
                  "wic_System_GPS_Latitude": {
                    "type": "string"
                  },
                  "wic_System_GPS_Longitude": {
                    "type": "string"
                  },
                  "MediaServiceLocation": {
                    "type": "string"
                  }
                },
                "required": [
                  "@@odata.etag",
                  "ItemInternalId",
                  "ID",
                  "Created",
                  "Author",
                  "Author#Claims",
                  "Modified",
                  "Editor",
                  "Editor#Claims",
                  "OData__DisplayName",
                  "{Identifier}",
                  "{IsFolder}",
                  "{Thumbnail}",
                  "{Link}",
                  "{Name}",
                  "{FilenameWithExtension}",
                  "{Path}"
                ]
              }
            }
          },
          "description": "Content: value"
        },
        "Compose_|_Images_|_Top_1": {
          "runAfter": {
            "Parse_JSON_|_Images_|_Top_1": [
              "Succeeded"
            ]
          },
          "metadata": {
            "operationMetadataId": "78ef8064-ab9d-46e0-8c92-8500f807ce22"
          },
          "type": "Compose",
          "inputs": "@first(body('Parse_JSON_|_Images_|_Top_1'))?['{Thumbnail}']?['Large']",
          "description": "@{first(body('Parse_JSON_|_Images_|_Top_1'))?['{Thumbnail}']?['Large']}"
        }
      }
    },
    "templateName": ""
  },
  "schemaVersion": "1.0.0.0"
}