{
  "properties": {
    "connectionReferences": {},
    "definition": {
      "$schema": "https://schema.management.azure.com/providers/Microsoft.Logic/schemas/2016-06-01/workflowdefinition.json#",
      "contentVersion": "1.0.0.0",
      "parameters": {
        "$authentication": {
          "defaultValue": {},
          "type": "SecureObject"
        }
      },
      "triggers": {
        "Recurrence": {
          "recurrence": {
            "frequency": "Month",
            "interval": 1,
            "timeZone": "GMT Standard Time",
            "startTime": "2020-12-15T21:00:00Z"
          },
          "metadata": {
            "operationMetadataId": "e633f9c0-ff0a-4304-bc8c-0e426318b6ba"
          },
          "type": "Recurrence"
        }
      },
      "actions": {
        "Initialize_variable_|_InitialArray": {
          "runAfter": {},
          "metadata": {
            "operationMetadataId": "41598cdb-6081-446f-a961-841fcd9f1bac"
          },
          "type": "InitializeVariable",
          "inputs": {
            "variables": [
              {
                "name": "InitialArray",
                "type": "array",
                "value": [
                  5,
                  9,
                  7,
                  2,
                  1,
                  4,
                  8,
                  3,
                  6
                ]
              }
            ]
          },
          "description": "Must be unique values as the Union will descrade the duplicates..."
        },
        "Initialize_variable_|_SortedArray": {
          "runAfter": {
            "Initialize_variable_|_InitialArray": [
              "Succeeded"
            ]
          },
          "metadata": {
            "operationMetadataId": "edcb76d8-82bb-4095-be98-c15a8b0c25c4"
          },
          "type": "InitializeVariable",
          "inputs": {
            "variables": [
              {
                "name": "SortedArray",
                "type": "array",
                "value": []
              }
            ]
          }
        },
        "Apply_to_each_|_InitialArray": {
          "foreach": "@variables('InitialArray')",
          "actions": {
            "Compose_|_Current_Item": {
              "runAfter": {},
              "metadata": {
                "operationMetadataId": "2aa80409-719c-4495-b3ba-626d0830bf63"
              },
              "type": "Compose",
              "inputs": "@items('Apply_to_each_|_InitialArray')",
              "description": "@{items('Apply_to_each:_InitialArray')}"
            },
            "Compose_|_Union_Results": {
              "runAfter": {
                "Filter_array_|_Array_Greater_Than": [
                  "Succeeded"
                ],
                "Filter_array_|_Array_Less_Than": [
                  "Succeeded"
                ]
              },
              "metadata": {
                "operationMetadataId": "2f357d94-0038-4dd3-b659-98d997cec03d"
              },
              "type": "Compose",
              "inputs": "@union(body('Filter_array_|_Array_Greater_Than'), createArray(items('Apply_to_each_|_InitialArray')), body('Filter_array_|_Array_Less_Than'))",
              "description": "@{union(body('Filter_array_|_Array_Greater_Than'), createArray(items('Apply_to_each_|_InitialArray')), body('Filter_array_|_Array_Less_Than'))}"
            },
            "Filter_array_|_Array_Greater_Than": {
              "runAfter": {
                "Compose_|_Current_Item": [
                  "Succeeded"
                ]
              },
              "metadata": {
                "operationMetadataId": "e5b2893a-338c-4118-985d-88f0494ae694"
              },
              "type": "Query",
              "inputs": {
                "from": "@variables('SortedArray')",
                "where": "@lessOrEquals(item(), items('Apply_to_each_|_InitialArray'))"
              },
              "description": "@lessOrEquals(item(), outputs('Compose_|_Current_Item'))"
            },
            "Filter_array_|_Array_Less_Than": {
              "runAfter": {
                "Compose_|_Current_Item": [
                  "Succeeded"
                ]
              },
              "metadata": {
                "operationMetadataId": "b8e19d18-279f-48b5-9bc2-fdf934e5cc6e"
              },
              "type": "Query",
              "inputs": {
                "from": "@variables('SortedArray')",
                "where": "@greaterOrEquals(item(), items('Apply_to_each_|_InitialArray'))"
              },
              "description": "@greaterOrEquals(item(), outputs('Compose_|_Current_Item'))"
            },
            "Set_variable_|_SortedArray": {
              "runAfter": {
                "Compose_|_Union_Results": [
                  "Succeeded"
                ]
              },
              "metadata": {
                "operationMetadataId": "d010c2d0-3d22-45ce-869c-aa65ee232c94"
              },
              "type": "SetVariable",
              "inputs": {
                "name": "SortedArray",
                "value": "@outputs('Compose_|_Union_Results')"
              },
              "description": "@{items('Apply_to_each_|_InitialArray')}"
            }
          },
          "runAfter": {
            "Initialize_variable_|_SortedArray": [
              "Succeeded"
            ]
          },
          "metadata": {
            "operationMetadataId": "665a0b72-4378-4db0-b3c0-d27c78454879"
          },
          "type": "Foreach",
          "runtimeConfiguration": {
            "concurrency": {
              "repetitions": 1
            }
          }
        },
        "Compose_|_Test_Output": {
          "runAfter": {
            "Apply_to_each_|_InitialArray": [
              "Succeeded"
            ]
          },
          "metadata": {
            "operationMetadataId": "a5025794-5786-4361-a477-08cc19511a87"
          },
          "type": "Compose",
          "inputs": "@variables('SortedArray')",
          "description": "@{variables('SortedArray')}"
        }
      }
    },
    "templateName": ""
  },
  "schemaVersion": "1.0.0.0"
}