{
  "properties": {
    "connectionReferences": {},
    "definition": {
      "$schema": "https://schema.management.azure.com/providers/Microsoft.Logic/schemas/2016-06-01/workflowdefinition.json#",
      "contentVersion": "1.0.0.0",
      "parameters": {
        "$authentication": {
          "defaultValue": {},
          "type": "SecureObject"
        }
      },
      "triggers": {
        "Recurrence": {
          "recurrence": {
            "frequency": "Month",
            "interval": 1,
            "timeZone": "GMT Standard Time",
            "startTime": "2020-12-15T21:00:00Z"
          },
          "metadata": {
            "operationMetadataId": "d8df2bdc-9eaf-494a-b8eb-2b93d43226fc"
          },
          "type": "Recurrence"
        }
      },
      "actions": {
        "Initialize_variable_|_InitialArray": {
          "runAfter": {},
          "metadata": {
            "operationMetadataId": "3f5731cb-1813-4dfa-86fc-4a1d3a902d03"
          },
          "type": "InitializeVariable",
          "inputs": {
            "variables": [
              {
                "name": "InitialArray",
                "type": "array",
                "value": [
                  5,
                  9,
                  7,
                  2,
                  1,
                  4,
                  8,
                  3,
                  6
                ]
              }
            ]
          },
          "description": "Must be unique values as the Union will descrade the duplicates..."
        },
        "Initialize_variable_|_SortedArray": {
          "runAfter": {
            "Initialize_variable_|_InitialArray": [
              "Succeeded"
            ]
          },
          "metadata": {
            "operationMetadataId": "bc4ef801-4158-416a-82df-aff7a846860c"
          },
          "type": "InitializeVariable",
          "inputs": {
            "variables": [
              {
                "name": "SortedArray",
                "type": "array",
                "value": []
              }
            ]
          }
        },
        "Apply_to_each_|_InitialArray": {
          "foreach": "@variables('InitialArray')",
          "actions": {
            "Set_variable_|_SortedArray": {
              "runAfter": {
                "Filter_array_|_Array_Greater_Than": [
                  "Succeeded"
                ]
              },
              "metadata": {
                "operationMetadataId": "8a4be2d4-5025-434f-aa83-31545ed1efcb"
              },
              "type": "SetVariable",
              "inputs": {
                "name": "SortedArray",
                "value": "@union(body('Filter_array_|_Array_Greater_Than'), createArray(items('Apply_to_each_|_InitialArray')), body('Filter_array_|_Array_Less_Than'))"
              },
              "description": "@{union(body('Filter_array_|_Array_Greater_Than'), createArray(items('Apply_to_each_|_InitialArray')), body('Filter_array_|_Array_Less_Than'))}"
            },
            "Filter_array_|_Array_Less_Than": {
              "runAfter": {},
              "metadata": {
                "operationMetadataId": "1c3c8f94-a181-4876-bc36-f4e51cea409f"
              },
              "type": "Query",
              "inputs": {
                "from": "@variables('SortedArray')",
                "where": "@greaterOrEquals(item(), items('Apply_to_each_|_InitialArray'))"
              },
              "description": "@greaterOrEquals(item(), items('Apply_to_each_|_InitialArray'))"
            },
            "Filter_array_|_Array_Greater_Than": {
              "runAfter": {
                "Filter_array_|_Array_Less_Than": [
                  "Succeeded"
                ]
              },
              "metadata": {
                "operationMetadataId": "5db3095b-c065-4f96-9c14-63dcd308cbfe"
              },
              "type": "Query",
              "inputs": {
                "from": "@variables('SortedArray')",
                "where": "@lessOrEquals(item(), items('Apply_to_each_|_InitialArray'))"
              },
              "description": "@lessOrEquals(item(), items('Apply_to_each_|_InitialArray'))"
            }
          },
          "runAfter": {
            "Initialize_variable_|_SortedArray": [
              "Succeeded"
            ]
          },
          "metadata": {
            "operationMetadataId": "2466760d-a991-4411-9a06-b85e7a5ff536"
          },
          "type": "Foreach",
          "runtimeConfiguration": {
            "concurrency": {
              "repetitions": 1
            }
          }
        },
        "Compose_|_Test_Output": {
          "runAfter": {
            "Apply_to_each_|_InitialArray": [
              "Succeeded"
            ]
          },
          "metadata": {
            "operationMetadataId": "16d134fe-2066-44c6-9389-f5e6249b654a"
          },
          "type": "Compose",
          "inputs": "@variables('SortedArray')",
          "description": "@{variables('SortedArray')}"
        }
      }
    },
    "templateName": ""
  },
  "schemaVersion": "1.0.0.0"
}