<environmentvariabledefinition schemaname="sjlewis_EnvironmentRegion">
  <description default="Get this value from the Flow makers portal">
    <label description="Get this value from the Flow makers portal" languagecode="1033" />
  </description>
  <displayname default="Environment Region">
    <label description="Environment Region" languagecode="1033" />
  </displayname>
  <introducedversion>1.0.0.0</introducedversion>
  <iscustomizable>1</iscustomizable>
  <isrequired>0</isrequired>
  <secretstore>0</secretstore>
  <type>100000000</type>
</environmentvariabledefinition>