{
  "properties": {
    "connectionReferences": {
      "shared_office365_1": {
        "runtimeSource": "embedded",
        "connection": {
          "connectionReferenceLogicalName": "sjlewis_PoCFEHOffice365Outlook"
        },
        "api": {
          "name": "shared_office365"
        }
      }
    },
    "definition": {
      "$schema": "https://schema.management.azure.com/providers/Microsoft.Logic/schemas/2016-06-01/workflowdefinition.json#",
      "contentVersion": "1.0.0.0",
      "parameters": {
        "$connections": {
          "defaultValue": {},
          "type": "Object"
        },
        "$authentication": {
          "defaultValue": {},
          "type": "SecureObject"
        },
        "Email: IT Admin (sjlewis_EmailITAdmin)": {
          "defaultValue": "solutions@sjlewis.com",
          "type": "String",
          "metadata": {
            "schemaName": "sjlewis_EmailITAdmin",
            "description": "IT Admin team members who will manage and support this solution."
          }
        },
        "Environment Name (sjlewis_EnvironmentName)": {
          "defaultValue": "DEV",
          "type": "String",
          "metadata": {
            "schemaName": "sjlewis_EnvironmentName",
            "description": "A label used to describe the environment e.g., DEV, UAT or leave blank for Production."
          }
        },
        "Environment Region (sjlewis_EnvironmentRegion)": {
          "defaultValue": "unitedkingdom",
          "type": "String",
          "metadata": {
            "schemaName": "sjlewis_EnvironmentRegion",
            "description": "Get this value from the Flow makers portal"
          }
        }
      },
      "triggers": {
        "manual": {
          "metadata": {
            "operationMetadataId": "d966a4f4-8860-4a72-8e6b-f5e0842ec9e4"
          },
          "type": "Request",
          "kind": "Button",
          "inputs": {
            "schema": {
              "type": "object",
              "properties": {
                "text": {
                  "title": "Flow Display Name",
                  "type": "string",
                  "x-ms-dynamically-added": true,
                  "description": "workflow()?['tags/flowDisplayName']",
                  "x-ms-content-hint": "TEXT"
                },
                "text_1": {
                  "title": "Flow Instance URL",
                  "type": "string",
                  "x-ms-dynamically-added": true,
                  "description": "concat('https://',parameters('Environment Region (sjlewis_EnvironmentRegion)'),'.flow.microsoft.com/manage/environments/',workflow().tags.environmentName,'/flows/',workflow().name,'/runs/',workflow().run.name)",
                  "x-ms-content-hint": "TEXT"
                },
                "text_2": {
                  "title": "Scope Name",
                  "type": "string",
                  "x-ms-dynamically-added": true,
                  "description": "Please enter the name of the last Scope or Step",
                  "x-ms-content-hint": "TEXT"
                }
              },
              "required": [
                "text",
                "text_1"
              ]
            }
          },
          "description": "I have save the code snippets instead of the standard \"please enter\" messages."
        }
      },
      "actions": {
        "Scope:_Error_Handling_|_Send_Message": {
          "actions": {
            "Compose:_Error_Handing_|_Subject": {
              "runAfter": {},
              "metadata": {
                "operationMetadataId": "1cd922ec-e151-4b5b-99c4-5b6bc1324179"
              },
              "type": "Compose",
              "inputs": "ERROR: '@{variables('FlowDisplayName')}' Flow failed (@{if(empty(parameters('Environment Name (sjlewis_EnvironmentName)')), 'PROD', parameters('Environment Name (sjlewis_EnvironmentName)'))} environment)"
            },
            "Compose:_Error_Handing_|_Body": {
              "runAfter": {
                "Compose:_Error_Handing_|_Subject": [
                  "Succeeded"
                ]
              },
              "metadata": {
                "operationMetadataId": "e3c66c2e-0347-4ea0-9a59-568926beacac"
              },
              "type": "Compose",
              "inputs": "<p>Hi IT Admin,</p>\n<p>The <b>@{variables('FlowDisplayName')}</b> Cloud Flow has failed wihin the <b>@{parameters('Environment Name (sjlewis_EnvironmentName)')}</b> environment. Please click on the following link to troubshoot: <a href=\"@{variables('FlowInstanceURL')}\">Cloud Flow Instance</a>@{if(and(contains(triggerBody(),'text_2'), not(empty(triggerBody()['text_2']))), concat(' and review the scope or step called \"', triggerBody()['text_2'] ,' where the error may have occurred\"'), '')}.</p>\n<p>Kind regards,<br/>\nPower Platform Developer</p>"
            },
            "Send_an_email_(V2):_Error_Handing": {
              "runAfter": {
                "Compose:_Error_Handing_|_Body": [
                  "Succeeded"
                ]
              },
              "metadata": {
                "operationMetadataId": "23340dcf-66bd-4369-81a8-c091a013ef8f"
              },
              "type": "OpenApiConnection",
              "inputs": {
                "host": {
                  "connectionName": "shared_office365_1",
                  "operationId": "SendEmailV2",
                  "apiId": "/providers/Microsoft.PowerApps/apis/shared_office365"
                },
                "parameters": {
                  "emailMessage/To": "@parameters('Email: IT Admin (sjlewis_EmailITAdmin)')",
                  "emailMessage/Subject": "@outputs('Compose:_Error_Handing_|_Subject')",
                  "emailMessage/Body": "<p>@{outputs('Compose:_Error_Handing_|_Body')}</p>",
                  "emailMessage/Importance": "High"
                },
                "authentication": {
                  "type": "Raw",
                  "value": "@json(decodeBase64(triggerOutputs().headers['X-MS-APIM-Tokens']))['$ConnectionKey']"
                }
              }
            }
          },
          "runAfter": {
            "Initialize_variable:_MessageSent": [
              "Succeeded"
            ]
          },
          "metadata": {
            "operationMetadataId": "8b8d9225-3dd4-4eb8-8e55-e185e5893b84"
          },
          "type": "Scope"
        },
        "Initialize_variable:_FlowInstanceURL": {
          "runAfter": {
            "Initialize_variable:_FlowDisplayName": [
              "Succeeded"
            ]
          },
          "metadata": {
            "operationMetadataId": "292a06f6-d5e8-4037-9cc6-73e32d4c82ea"
          },
          "type": "InitializeVariable",
          "inputs": {
            "variables": [
              {
                "name": "FlowInstanceURL",
                "type": "string",
                "value": "@triggerBody()['text_1']"
              }
            ]
          },
          "description": "Contains the parent Flow instance's URL."
        },
        "Set_variable:_MessageSent_|_True": {
          "runAfter": {
            "Scope:_Error_Handling_|_Send_Message": [
              "Succeeded"
            ]
          },
          "metadata": {
            "operationMetadataId": "ec9aa09c-cb79-4912-bf20-77d2583a583d"
          },
          "type": "SetVariable",
          "inputs": {
            "name": "MessageSent",
            "value": "@true"
          }
        },
        "Initialize_variable:_MessageSent": {
          "runAfter": {
            "Initialize_variable:_FlowInstanceURL": [
              "Succeeded"
            ]
          },
          "metadata": {
            "operationMetadataId": "4f2cf048-c8ea-4ea8-a0f2-90aabc6df956"
          },
          "type": "InitializeVariable",
          "inputs": {
            "variables": [
              {
                "name": "MessageSent",
                "type": "boolean",
                "value": "@false"
              }
            ]
          },
          "description": "If there are errors sending the message, then this variable should remain false."
        },
        "Set_variable:_MessageSent_|_False": {
          "runAfter": {
            "Scope:_Error_Handling_|_Send_Message": [
              "Failed",
              "Skipped",
              "TimedOut"
            ]
          },
          "metadata": {
            "operationMetadataId": "0d6a15d6-3d45-4cfd-b471-f5f8f0f17832"
          },
          "type": "SetVariable",
          "inputs": {
            "name": "MessageSent",
            "value": "@false"
          },
          "description": "Configured run after to: 'has failed', 'is skipped' and 'has timed out'"
        },
        "Respond_to_a_PowerApp_or_flow": {
          "runAfter": {
            "Set_variable:_MessageSent_|_False": [
              "Succeeded",
              "Skipped"
            ],
            "Set_variable:_MessageSent_|_True": [
              "Succeeded",
              "Skipped"
            ]
          },
          "metadata": {
            "operationMetadataId": "7353366e-75a1-454e-887f-241ff164b134"
          },
          "type": "Response",
          "kind": "PowerApp",
          "inputs": {
            "statusCode": 200,
            "body": {
              "message_sent": "@{variables('MessageSent')}",
              "message_subject": "@{outputs('Compose:_Error_Handing_|_Subject')}",
              "message_body": "@{outputs('Compose:_Error_Handing_|_Body')}"
            },
            "schema": {
              "type": "object",
              "properties": {
                "message_sent": {
                  "title": "Message Sent",
                  "x-ms-dynamically-added": true,
                  "type": "boolean"
                },
                "message_subject": {
                  "title": "Message Subject",
                  "x-ms-dynamically-added": true,
                  "type": "string"
                },
                "message_body": {
                  "title": "Message Body",
                  "x-ms-dynamically-added": true,
                  "type": "string"
                }
              }
            }
          },
          "description": "Configured run after to: 'is successful' and 'is skipped'"
        },
        "Initialize_variable:_FlowDisplayName": {
          "runAfter": {},
          "metadata": {
            "operationMetadataId": "2cc8c68d-9ca2-4bd7-a2ac-ec8c6dd48320"
          },
          "type": "InitializeVariable",
          "inputs": {
            "variables": [
              {
                "name": "FlowDisplayName",
                "type": "string",
                "value": "@triggerBody()['text']"
              }
            ]
          },
          "description": "Contains the parent Flow's display name."
        }
      }
    }
  },
  "schemaVersion": "1.0.0.0"
}