{
  "properties": {
    "connectionReferences": {},
    "definition": {
      "$schema": "https://schema.management.azure.com/providers/Microsoft.Logic/schemas/2016-06-01/workflowdefinition.json#",
      "contentVersion": "1.0.0.0",
      "parameters": {
        "$authentication": {
          "defaultValue": {},
          "type": "SecureObject"
        },
        "Environment Region (sjlewis_EnvironmentRegion)": {
          "defaultValue": "unitedkingdom",
          "type": "String",
          "metadata": {
            "schemaName": "sjlewis_EnvironmentRegion",
            "description": "Get this value from the Flow makers portal"
          }
        }
      },
      "triggers": {
        "manual": {
          "metadata": {
            "operationMetadataId": "8774cf42-e66f-4223-9052-5e3e97ab308d"
          },
          "type": "Request",
          "kind": "Button",
          "inputs": {
            "schema": {
              "type": "object",
              "properties": {
                "boolean": {
                  "title": "Throw Error",
                  "type": "boolean",
                  "x-ms-dynamically-added": true,
                  "description": "Please select yes or no",
                  "x-ms-content-hint": "BOOLEAN"
                }
              },
              "required": [
                "boolean"
              ]
            }
          }
        }
      },
      "actions": {
        "Initialize_variable:_CauseError": {
          "runAfter": {
            "Initialize_variable:_FlowInstanceURL": [
              "Succeeded"
            ]
          },
          "metadata": {
            "operationMetadataId": "42ee40d9-85ef-40e6-9c84-74e164ac2f0d"
          },
          "type": "InitializeVariable",
          "inputs": {
            "variables": [
              {
                "name": "CauseError",
                "type": "boolean"
              }
            ]
          },
          "description": "Used for demo purpose."
        },
        "Initialize_variable:_FlowInstanceURL": {
          "runAfter": {
            "Initialize_variable:_FlowInstanceName": [
              "Succeeded"
            ]
          },
          "metadata": {
            "operationMetadataId": "292a06f6-d5e8-4037-9cc6-73e32d4c82ea"
          },
          "type": "InitializeVariable",
          "inputs": {
            "variables": [
              {
                "name": "FlowInstanceURL",
                "type": "string",
                "value": "@{concat('https://',parameters('Environment Region (sjlewis_EnvironmentRegion)'),'.flow.microsoft.com/manage/environments/',workflow().tags.environmentName,'/flows/',workflow().name,'/runs/',workflow().run.name)}"
              }
            ]
          },
          "description": "Contains the calculated Flow instance's URL: "
        },
        "Terminate:_Succeeded": {
          "runAfter": {
            "Scope:_Throw_Error": [
              "Succeeded"
            ]
          },
          "metadata": {
            "operationMetadataId": "82e2d181-0c67-456c-835d-ee5bf8058122"
          },
          "type": "Terminate",
          "inputs": {
            "runStatus": "Succeeded"
          }
        },
        "Run_a_Child_Flow:_Error_Handler": {
          "runAfter": {
            "Scope:_Throw_Error": [
              "Failed",
              "Skipped",
              "TimedOut"
            ]
          },
          "metadata": {
            "operationMetadataId": "9b8c1981-2408-4c25-9347-5e753e95c948"
          },
          "type": "Workflow",
          "inputs": {
            "host": {
              "workflowReferenceName": "fb30a9ce-b1be-ec11-983e-6045bd0f776d"
            },
            "body": {
              "text": "@variables('FlowDisplayName')",
              "text_1": "@variables('FlowInstanceURL')",
              "text_2": "Scope: Throw Error"
            }
          },
          "description": "Configured run after to: 'has failed', 'is skipped' and 'has timed out'"
        },
        "Initialize_variable:_FlowInstanceName": {
          "runAfter": {},
          "metadata": {
            "operationMetadataId": "2cc8c68d-9ca2-4bd7-a2ac-ec8c6dd48320"
          },
          "type": "InitializeVariable",
          "inputs": {
            "variables": [
              {
                "name": "FlowDisplayName",
                "type": "string",
                "value": "@{workflow()?['tags/flowDisplayName']}"
              }
            ]
          },
          "description": "Contains the Flow's display name."
        },
        "Terminate:_Failed_|_Error_Handler": {
          "runAfter": {
            "Run_a_Child_Flow:_Error_Handler": [
              "Succeeded"
            ]
          },
          "metadata": {
            "operationMetadataId": "4a719c75-3561-490a-afc0-49f395e6ff90"
          },
          "type": "Terminate",
          "inputs": {
            "runStatus": "Failed",
            "runError": {
              "code": "@body('Run_a_Child_Flow:_Error_Handler')?['message_subject']",
              "message": "@body('Run_a_Child_Flow:_Error_Handler')?['message_body']"
            }
          }
        },
        "Scope:_Throw_Error": {
          "actions": {
            "Condition:_Throw_Error": {
              "actions": {
                "Set_variable:_CauseError_|_NULL": {
                  "runAfter": {},
                  "metadata": {
                    "operationMetadataId": "47062f0e-700f-476a-945a-7946a77b6642"
                  },
                  "type": "SetVariable",
                  "inputs": {
                    "name": "CauseError",
                    "value": "@null"
                  },
                  "description": "Setting a boolean variable to NULL will cause an error."
                }
              },
              "runAfter": {},
              "else": {
                "actions": {
                  "Set_variable:_CauseError_|_FALSE": {
                    "runAfter": {},
                    "metadata": {
                      "operationMetadataId": "75098093-c7e0-466f-92cd-c86a20bdbb3f"
                    },
                    "type": "SetVariable",
                    "inputs": {
                      "name": "CauseError",
                      "value": "@false"
                    }
                  }
                }
              },
              "expression": {
                "equals": [
                  "@triggerBody()['boolean']",
                  "@true"
                ]
              },
              "metadata": {
                "operationMetadataId": "8d3f202a-4a95-4424-b76b-590302d4137c"
              },
              "type": "If"
            }
          },
          "runAfter": {
            "Initialize_variable:_CauseError": [
              "Succeeded"
            ]
          },
          "metadata": {
            "operationMetadataId": "458a6e50-f778-438e-8ade-9e28f890c563"
          },
          "type": "Scope"
        }
      }
    }
  },
  "schemaVersion": "1.0.0.0"
}