{
  "properties": {
    "connectionReferences": {
      "shared_office365": {
        "runtimeSource": "invoker",
        "connection": {
          "connectionReferenceLogicalName": "sjlewis_PoCFEHOffice365Outlook"
        },
        "api": {
          "name": "shared_office365"
        }
      }
    },
    "definition": {
      "$schema": "https://schema.management.azure.com/providers/Microsoft.Logic/schemas/2016-06-01/workflowdefinition.json#",
      "contentVersion": "1.0.0.0",
      "parameters": {
        "$connections": {
          "defaultValue": {},
          "type": "Object"
        },
        "$authentication": {
          "defaultValue": {},
          "type": "SecureObject"
        },
        "Email: IT Admin (sjlewis_EmailITAdmin)": {
          "defaultValue": "info@sjlewis.com",
          "type": "String",
          "metadata": {
            "schemaName": "sjlewis_EmailITAdmin",
            "description": "IT Admin team members who will manage and support this solution."
          }
        },
        "Environment Name (sjlewis_EnvironmentName)": {
          "defaultValue": "DEV",
          "type": "String",
          "metadata": {
            "schemaName": "sjlewis_EnvironmentName",
            "description": "A label used to descript the environment e.g., DEV, UAT or leave blank for Production."
          }
        },
        "Environment Region (sjlewis_EnvironmentRegion)": {
          "defaultValue": "unitedkingdom",
          "type": "String",
          "metadata": {
            "schemaName": "sjlewis_EnvironmentRegion",
            "description": "Get this value from the Flow makers portal"
          }
        }
      },
      "triggers": {
        "manual": {
          "metadata": {
            "operationMetadataId": "1d543306-84c8-42d0-baf1-726067165211"
          },
          "type": "Request",
          "kind": "Button",
          "inputs": {
            "schema": {
              "type": "object",
              "properties": {
                "boolean": {
                  "title": "Throw Error",
                  "type": "boolean",
                  "x-ms-dynamically-added": true,
                  "description": "Please select yes or no",
                  "x-ms-content-hint": "BOOLEAN"
                }
              },
              "required": [
                "boolean"
              ]
            }
          }
        }
      },
      "actions": {
        "Condition": {
          "actions": {
            "Set_variable:_CauseError_|_NULL": {
              "runAfter": {},
              "metadata": {
                "operationMetadataId": "47062f0e-700f-476a-945a-7946a77b6642"
              },
              "type": "SetVariable",
              "inputs": {
                "name": "CauseError",
                "value": "@null"
              },
              "description": "Setting a boolean variable to NULL will cause an error."
            }
          },
          "runAfter": {
            "Initialize_variable:_CauseError": [
              "Succeeded"
            ]
          },
          "else": {
            "actions": {
              "Set_variable:_CauseError_|_FALSE": {
                "runAfter": {},
                "metadata": {
                  "operationMetadataId": "75098093-c7e0-466f-92cd-c86a20bdbb3f"
                },
                "type": "SetVariable",
                "inputs": {
                  "name": "CauseError",
                  "value": "@false"
                }
              }
            }
          },
          "expression": {
            "equals": [
              "@triggerBody()['boolean']",
              "@true"
            ]
          },
          "metadata": {
            "operationMetadataId": "8d3f202a-4a95-4424-b76b-590302d4137c"
          },
          "type": "If"
        },
        "Initialize_variable:_CauseError": {
          "runAfter": {
            "Initialize_variable:_FlowInstanceName": [
              "Succeeded"
            ]
          },
          "metadata": {
            "operationMetadataId": "42ee40d9-85ef-40e6-9c84-74e164ac2f0d"
          },
          "type": "InitializeVariable",
          "inputs": {
            "variables": [
              {
                "name": "CauseError",
                "type": "boolean"
              }
            ]
          },
          "description": "Used for demo purpose."
        },
        "Scope:_Error_Handling": {
          "actions": {
            "Compose:_Error_Handing_|_Email_Subject": {
              "runAfter": {},
              "metadata": {
                "operationMetadataId": "1cd922ec-e151-4b5b-99c4-5b6bc1324179"
              },
              "type": "Compose",
              "inputs": "ERROR: '@{variables('FlowInstanceName')}' Flow failed (@{if(empty(parameters('Environment Name (sjlewis_EnvironmentName)')), 'PROD', parameters('Environment Name (sjlewis_EnvironmentName)'))} environment)"
            },
            "Compose:_Error_Handing_|_Email_Body": {
              "runAfter": {
                "Compose:_Error_Handing_|_Email_Subject": [
                  "Succeeded"
                ]
              },
              "metadata": {
                "operationMetadataId": "e3c66c2e-0347-4ea0-9a59-568926beacac"
              },
              "type": "Compose",
              "inputs": "<p>Hi IT Admin,</p>\n<p>The <b>@{variables('FlowInstanceName')}</b> Cloud Flow has failed wihin the <b>@{parameters('Environment Name (sjlewis_EnvironmentName)')}</b> environment. Please click on the following link to troubshoot: <a href=\"@{variables('FlowInstanceURL')}\">Cloud Flow Instance</a></p>\n<p>Kind regards,<br/>\nPower Platform Developer</p>"
            },
            "Terminate:_Error_Handing": {
              "runAfter": {
                "Send_an_email_(V2)": [
                  "Succeeded"
                ]
              },
              "metadata": {
                "operationMetadataId": "4a719c75-3561-490a-afc0-49f395e6ff90"
              },
              "type": "Terminate",
              "inputs": {
                "runStatus": "Failed",
                "runError": {
                  "code": "@{outputs('Compose:_Error_Handing_|_Email_Subject')}",
                  "message": "@{outputs('Compose:_Error_Handing_|_Email_Body')}"
                }
              }
            },
            "Send_an_email_(V2)": {
              "runAfter": {
                "Compose:_Error_Handing_|_Email_Body": [
                  "Succeeded"
                ]
              },
              "metadata": {
                "operationMetadataId": "23340dcf-66bd-4369-81a8-c091a013ef8f"
              },
              "type": "OpenApiConnection",
              "inputs": {
                "host": {
                  "apiId": "/providers/Microsoft.PowerApps/apis/shared_office365",
                  "connectionName": "shared_office365",
                  "operationId": "SendEmailV2"
                },
                "parameters": {
                  "emailMessage/To": "@parameters('Email: IT Admin (sjlewis_EmailITAdmin)')",
                  "emailMessage/Subject": "@outputs('Compose:_Error_Handing_|_Email_Subject')",
                  "emailMessage/Body": "<p>@{outputs('Compose:_Error_Handing_|_Email_Body')}</p>",
                  "emailMessage/Importance": "High"
                },
                "authentication": {
                  "value": "@json(decodeBase64(triggerOutputs().headers['X-MS-APIM-Tokens']))['$ConnectionKey']",
                  "type": "Raw"
                }
              }
            }
          },
          "runAfter": {
            "Condition": [
              "Failed",
              "Skipped",
              "TimedOut"
            ]
          },
          "metadata": {
            "operationMetadataId": "8b8d9225-3dd4-4eb8-8e55-e185e5893b84"
          },
          "type": "Scope"
        },
        "Initialize_variable:_FlowInstanceURL": {
          "runAfter": {},
          "metadata": {
            "operationMetadataId": "292a06f6-d5e8-4037-9cc6-73e32d4c82ea"
          },
          "type": "InitializeVariable",
          "inputs": {
            "variables": [
              {
                "name": "FlowInstanceURL",
                "type": "string",
                "value": "@{concat('https://',parameters('Environment Region (sjlewis_EnvironmentRegion)'),'.flow.microsoft.com/manage/environments/',workflow().tags.environmentName,'/flows/',workflow().name,'/runs/',workflow().run.name)}"
              }
            ]
          },
          "description": "Contains the calculated Flow instance's URL."
        },
        "Initialize_variable:_FlowInstanceName": {
          "runAfter": {
            "Initialize_variable:_FlowInstanceURL": [
              "Succeeded"
            ]
          },
          "metadata": {
            "operationMetadataId": "2cc8c68d-9ca2-4bd7-a2ac-ec8c6dd48320"
          },
          "type": "InitializeVariable",
          "inputs": {
            "variables": [
              {
                "name": "FlowInstanceName",
                "type": "string",
                "value": "Test Error Handling"
              }
            ]
          },
          "description": "Contains the Flow instance's name."
        },
        "Terminate:_Succeeded": {
          "runAfter": {
            "Condition": [
              "Succeeded"
            ]
          },
          "metadata": {
            "operationMetadataId": "82e2d181-0c67-456c-835d-ee5bf8058122"
          },
          "type": "Terminate",
          "inputs": {
            "runStatus": "Succeeded"
          }
        }
      }
    }
  },
  "schemaVersion": "1.0.0.0"
}