<environmentvariabledefinition schemaname="sjlewis_PoCIVSPSite">
  <apiid>/providers/microsoft.powerapps/apis/shared_sharepointonline</apiid>
  <displayname default="PoCIV: SP-Site ">
    <label description="PoCIV: SP-Site " languagecode="1033" />
  </displayname>
  <introducedversion>1.0.0.0</introducedversion>
  <iscustomizable>1</iscustomizable>
  <isrequired>0</isrequired>
  <parameterkey>dataset</parameterkey>
  <secretstore>0</secretstore>
  <type>100000004</type>
</environmentvariabledefinition>