<environmentvariabledefinition schemaname="sjl_SandpitMIASPView">
  <description default="The GUID for the 'zzzCloudFlow' view.">
    <label description="The GUID for the 'zzzCloudFlow' view." languagecode="1033" />
  </description>
  <displayname default="Sandpit-MIA-SPView">
    <label description="Sandpit-MIA-SPView" languagecode="1033" />
  </displayname>
  <introducedversion>1.0.0.1</introducedversion>
  <iscustomizable>1</iscustomizable>
  <isrequired>0</isrequired>
  <secretstore>0</secretstore>
  <type>100000000</type>
</environmentvariabledefinition>