<environmentvariabledefinition schemaname="sjlewis_EnvironmentName">
  <description default="A label used to descript the environment e.g., DEV, UAT or leave blank for Production.">
    <label description="A label used to descript the environment e.g., DEV, UAT or leave blank for Production." languagecode="1033" />
  </description>
  <displayname default="Environment Name">
    <label description="Environment Name" languagecode="1033" />
  </displayname>
  <introducedversion>1.0.0.0</introducedversion>
  <iscustomizable>1</iscustomizable>
  <isrequired>0</isrequired>
  <secretstore>0</secretstore>
  <type>100000000</type>
</environmentvariabledefinition>