<environmentvariabledefinition schemaname="sjlewis_PoCIVSPListImages">
  <apiid>/providers/microsoft.powerapps/apis/shared_sharepointonline</apiid>
  <displayname default="PoCIV: SP-List Images">
    <label description="PoCIV: SP-List Images" languagecode="1033" />
  </displayname>
  <introducedversion>1.0.0.0</introducedversion>
  <iscustomizable>1</iscustomizable>
  <isrequired>0</isrequired>
  <parameterkey>table</parameterkey>
  <parentdefinitionid>
    <schemaname>sjlewis_PoCIVSPSite</schemaname>
  </parentdefinitionid>
  <secretstore>0</secretstore>
  <type>100000004</type>
</environmentvariabledefinition>