{
  "properties": {
    "connectionReferences": {
      "shared_commondataserviceforapps_1": {
        "runtimeSource": "embedded",
        "connection": {
          "connectionReferenceLogicalName": "sjl_SAMMicrosoftDataverse"
        },
        "api": {
          "name": "shared_commondataserviceforapps"
        }
      },
      "shared_approvals_1": {
        "runtimeSource": "invoker",
        "connection": {
          "connectionReferenceLogicalName": "sjl_SAMApprovals"
        },
        "api": {
          "name": "shared_approvals"
        }
      }
    },
    "definition": {
      "$schema": "https://schema.management.azure.com/providers/Microsoft.Logic/schemas/2016-06-01/workflowdefinition.json#",
      "contentVersion": "1.0.0.0",
      "parameters": {
        "$connections": {
          "defaultValue": {},
          "type": "Object"
        },
        "$authentication": {
          "defaultValue": {},
          "type": "SecureObject"
        },
        "SAM: Approvers (sjl_SAMApprovers)": {
          "defaultValue": "info@sjlewis.com;",
          "type": "String",
          "metadata": {
            "schemaName": "sjl_SAMApprovers",
            "description": "Approvers email addresses separated by semicolon."
          }
        }
      },
      "triggers": {
        "When_a_flow_step_is_executed_|_By_The_Asset_Allocation_Process_BPF": {
          "splitOn": "@triggerBody()['rows']",
          "metadata": {
            "operationMetadataId": "0813effa-c6b2-4c2b-8910-8a2356eb6478"
          },
          "type": "Request",
          "kind": "ApiConnection",
          "inputs": {
            "schema": {
              "type": "object",
              "properties": {
                "rows": {
                  "type": "array",
                  "items": {
                    "type": "object",
                    "properties": {
                      "entity": {
                        "type": "object",
                        "properties": {
                          "entity": {
                            "type": "object",
                            "properties": {
                              "BPFFlowStageEntityRecordId": {
                                "title": "BPF Flow Stage Table Row Id",
                                "type": "string"
                              }
                            }
                          }
                        },
                        "required": [
                          "entity"
                        ]
                      }
                    },
                    "required": [
                      "entity"
                    ]
                  }
                }
              },
              "required": [
                "rows"
              ]
            },
            "host": {
              "connection": {
                "name": "@parameters('$connections')['shared_commondataserviceforapps_1']['connectionId']"
              }
            },
            "operationId": "FlowStepRun",
            "parameters": {}
          }
        }
      },
      "actions": {
        "Start_and_wait_for_an_approval_|_Asset_Allocation_Request": {
          "runAfter": {
            "Get_a_row_by_ID_|_Asset_Allocation": [
              "Succeeded"
            ]
          },
          "metadata": {
            "operationMetadataId": "2eeba4b9-1474-4fac-a3e8-b2f3010e96d3"
          },
          "type": "OpenApiConnectionWebhook",
          "inputs": {
            "host": {
              "connectionName": "shared_approvals_1",
              "operationId": "StartAndWaitForAnApproval",
              "apiId": "/providers/Microsoft.PowerApps/apis/shared_approvals"
            },
            "parameters": {
              "approvalType": "Basic",
              "WebhookApprovalCreationInput/title": "Asset Allocation Outside Policy",
              "WebhookApprovalCreationInput/assignedTo": "@parameters('SAM: Approvers (sjl_SAMApprovers)')",
              "WebhookApprovalCreationInput/details": "@outputs('Get_a_row_by_ID_|_Asset_Allocation')?['body/sjl_reason']",
              "WebhookApprovalCreationInput/enableNotifications": true,
              "WebhookApprovalCreationInput/enableReassignment": true
            },
            "authentication": {
              "type": "Raw",
              "value": "@json(decodeBase64(triggerOutputs().headers['X-MS-APIM-Tokens']))['$ConnectionKey']"
            }
          }
        },
        "Get_a_row_by_ID_|_Asset_Allocation": {
          "runAfter": {},
          "metadata": {
            "operationMetadataId": "07220ed3-22cb-4521-af5c-6bcaeb6edce3"
          },
          "type": "OpenApiConnection",
          "inputs": {
            "host": {
              "connectionName": "shared_commondataserviceforapps_1",
              "operationId": "GetItem",
              "apiId": "/providers/Microsoft.PowerApps/apis/shared_commondataserviceforapps"
            },
            "parameters": {
              "entityName": "sjl_assetallocations",
              "recordId": "@triggerBody()?['entity']?['entity']?['BPFFlowStageEntityRecordId']"
            },
            "authentication": {
              "type": "Raw",
              "value": "@json(decodeBase64(triggerOutputs().headers['X-MS-APIM-Tokens']))['$ConnectionKey']"
            }
          }
        },
        "Apply_to_each_|_Approval_Responses": {
          "foreach": "@outputs('Start_and_wait_for_an_approval_|_Asset_Allocation_Request')?['body/responses']",
          "actions": {
            "Condition_|_Responses_Approver_Response_IS_EQUAL_TO_Approve": {
              "actions": {
                "Update_a_row_|_Asset_Allocation_|_Approved": {
                  "runAfter": {},
                  "metadata": {
                    "operationMetadataId": "f41b1159-7d07-458d-ba49-450e5d855306"
                  },
                  "type": "OpenApiConnection",
                  "inputs": {
                    "host": {
                      "connectionName": "shared_commondataserviceforapps_1",
                      "operationId": "UpdateRecord",
                      "apiId": "/providers/Microsoft.PowerApps/apis/shared_commondataserviceforapps"
                    },
                    "parameters": {
                      "entityName": "sjl_assetallocations",
                      "recordId": "@outputs('Get_a_row_by_ID_|_Asset_Allocation')?['body/sjl_assetallocationid']",
                      "item/sjl_approvalstatus": 921330000
                    },
                    "authentication": {
                      "type": "Raw",
                      "value": "@json(decodeBase64(triggerOutputs().headers['X-MS-APIM-Tokens']))['$ConnectionKey']"
                    }
                  }
                }
              },
              "runAfter": {},
              "else": {
                "actions": {
                  "Update_a_row_|_Asset_Allocation_|_Rejected": {
                    "runAfter": {},
                    "metadata": {
                      "operationMetadataId": "bc9e01dd-f874-4efe-9eaa-922b13432674"
                    },
                    "type": "OpenApiConnection",
                    "inputs": {
                      "host": {
                        "connectionName": "shared_commondataserviceforapps_1",
                        "operationId": "UpdateRecord",
                        "apiId": "/providers/Microsoft.PowerApps/apis/shared_commondataserviceforapps"
                      },
                      "parameters": {
                        "entityName": "sjl_assetallocations",
                        "recordId": "@outputs('Get_a_row_by_ID_|_Asset_Allocation')?['body/sjl_assetallocationid']",
                        "item/sjl_approvalstatus": 921330001
                      },
                      "authentication": {
                        "type": "Raw",
                        "value": "@json(decodeBase64(triggerOutputs().headers['X-MS-APIM-Tokens']))['$ConnectionKey']"
                      }
                    }
                  }
                }
              },
              "expression": {
                "equals": [
                  "@items('Apply_to_each_|_Approval_Responses')?['approverResponse']",
                  "Approve"
                ]
              },
              "metadata": {
                "operationMetadataId": "240269be-2f19-4dab-9896-ea577248083c"
              },
              "type": "If"
            }
          },
          "runAfter": {
            "Start_and_wait_for_an_approval_|_Asset_Allocation_Request": [
              "Succeeded"
            ]
          },
          "metadata": {
            "operationMetadataId": "ebe7289d-3c0a-4f9c-82ce-5e4778c13f38"
          },
          "type": "Foreach"
        }
      }
    },
    "templateName": ""
  },
  "schemaVersion": "1.0.0.0"
}