<environmentvariabledefinition schemaname="sjl_SandpitUSPF">
  <apiid>/providers/microsoft.powerapps/apis/shared_sharepointonline</apiid>
  <description default="The site collection that hosts the SharePoint list.">
    <label description="The site collection that hosts the SharePoint list." languagecode="1033" />
  </description>
  <displayname default="Sandpit-USPF-SPSite">
    <label description="Sandpit-USPF-SPSite" languagecode="1033" />
  </displayname>
  <introducedversion>1.0.0.0</introducedversion>
  <iscustomizable>1</iscustomizable>
  <isrequired>0</isrequired>
  <parameterkey>dataset</parameterkey>
  <secretstore>0</secretstore>
  <type>100000004</type>
</environmentvariabledefinition>