{
  "properties": {
    "connectionReferences": {
      "shared_sharepointonline_1": {
        "runtimeSource": "embedded",
        "connection": {
          "connectionReferenceLogicalName": "sjl_SandpitMIASharePoint"
        },
        "api": {
          "name": "shared_sharepointonline"
        }
      }
    },
    "definition": {
      "$schema": "https://schema.management.azure.com/providers/Microsoft.Logic/schemas/2016-06-01/workflowdefinition.json#",
      "contentVersion": "1.0.0.0",
      "parameters": {
        "$connections": {
          "defaultValue": {},
          "type": "Object"
        },
        "$authentication": {
          "defaultValue": {},
          "type": "SecureObject"
        },
        "Sandpit-MIA-SPSite (sjl_SandpitMIASPSite)": {
          "defaultValue": "https://sion365.sharepoint.com/sites/PowerApps",
          "type": "String",
          "metadata": {
            "schemaName": "sjl_SandpitMIASPSite",
            "description": "Connection to the site collection."
          }
        },
        "Sandpit-MIA-SPLibrary (sjl_SandpitMIASPLibrary)": {
          "defaultValue": "9e9493f2-cc49-4fcd-867c-9c1a2954aa02",
          "type": "String",
          "metadata": {
            "schemaName": "sjl_SandpitMIASPLibrary",
            "description": "Connection to the Image library."
          }
        }
      },
      "triggers": {
        "When_a_file_is_created_or_modified_(properties_only)": {
          "recurrence": {
            "interval": 5,
            "frequency": "Minute"
          },
          "splitOn": "@triggerOutputs()?['body/value']",
          "metadata": {
            "operationMetadataId": "c02a8a16-07ce-40e0-9fe5-d96de660fca2"
          },
          "type": "OpenApiConnection",
          "inputs": {
            "host": {
              "connectionName": "shared_sharepointonline_1",
              "operationId": "GetOnUpdatedFileItems",
              "apiId": "/providers/Microsoft.PowerApps/apis/shared_sharepointonline"
            },
            "parameters": {
              "dataset": "@parameters('Sandpit-MIA-SPSite (sjl_SandpitMIASPSite)')",
              "table": "@parameters('Sandpit-MIA-SPLibrary (sjl_SandpitMIASPLibrary)')"
            },
            "authentication": "@parameters('$authentication')"
          },
          "conditions": [
            {
              "expression": "@equals(triggerBody()?['UpdateEXIFMetadata'],true)"
            }
          ],
          "description": "Trigger condition: @equals(triggerBody()?['UpdateEXIFMetadata'],true)"
        }
      },
      "actions": {
        "Scope_|_Get_List_Item_Entity_Type_Full_Name": {
          "actions": {
            "Send_an_HTTP_request_to_SharePoint_|_GET_|_ListItemEntityTypeFullName": {
              "runAfter": {},
              "metadata": {
                "operationMetadataId": "c7da496b-1aa8-43a7-9657-f299ffd48a5f"
              },
              "type": "OpenApiConnection",
              "inputs": {
                "host": {
                  "connectionName": "shared_sharepointonline_1",
                  "operationId": "HttpRequest",
                  "apiId": "/providers/Microsoft.PowerApps/apis/shared_sharepointonline"
                },
                "parameters": {
                  "dataset": "@parameters('Sandpit-MIA-SPSite (sjl_SandpitMIASPSite)')",
                  "parameters/method": "GET",
                  "parameters/uri": "/_api/web/lists(guid'@{parameters('Sandpit-MIA-SPLibrary (sjl_SandpitMIASPLibrary)')}')/?$select=ListItemEntityTypeFullName",
                  "parameters/headers": {
                    "Accept": "application/json;odata=verbose",
                    "Content-Type": "application/json"
                  }
                },
                "authentication": "@parameters('$authentication')"
              }
            },
            "Parse_JSON_|_ListItemEntityTypeFullName": {
              "runAfter": {
                "Send_an_HTTP_request_to_SharePoint_|_GET_|_ListItemEntityTypeFullName": [
                  "Succeeded"
                ]
              },
              "metadata": {
                "operationMetadataId": "94d71c6f-91b9-49fb-a66f-9c6a2786a198"
              },
              "type": "ParseJson",
              "inputs": {
                "content": "@body('Send_an_HTTP_request_to_SharePoint_|_GET_|_ListItemEntityTypeFullName')",
                "schema": {
                  "type": "object",
                  "properties": {
                    "d": {
                      "type": "object",
                      "properties": {
                        "__metadata": {
                          "type": "object",
                          "properties": {
                            "id": {
                              "type": "string"
                            },
                            "uri": {
                              "type": "string"
                            },
                            "etag": {
                              "type": "string"
                            },
                            "type": {
                              "type": "string"
                            }
                          }
                        },
                        "ListItemEntityTypeFullName": {
                          "type": "string"
                        }
                      }
                    }
                  }
                }
              }
            },
            "Compose_|_ListItemEntityTypeFullName": {
              "runAfter": {
                "Parse_JSON_|_ListItemEntityTypeFullName": [
                  "Succeeded"
                ]
              },
              "metadata": {
                "operationMetadataId": "de9ccce0-7207-4076-87ea-3a80baa433c3"
              },
              "type": "Compose",
              "inputs": {
                "type": "@{body('Parse_JSON_|_ListItemEntityTypeFullName')?['d']?['ListItemEntityTypeFullName']}"
              },
              "description": "{ \"type\" : \"​@{body('Parse_JSON_|_Image_Properties')?['d']?['__metadata']?['type']}\" }"
            }
          },
          "runAfter": {
            "Delay_|_20_Seconds": [
              "Succeeded"
            ]
          },
          "metadata": {
            "operationMetadataId": "11d2135e-818b-44a5-98a2-b6ef600e8eb3"
          },
          "type": "Scope",
          "description": "Get the list item's entity type which will be used when updating the file's columns."
        },
        "Scope_|_Get_Render_List_Data_As_Stream": {
          "actions": {
            "Compose_|_REST_Body_Inner_|_CAML_Query": {
              "runAfter": {},
              "metadata": {
                "operationMetadataId": "d8687d1e-367e-4f23-9b41-db228926fc7d"
              },
              "type": "Compose",
              "inputs": "<View Scope='RecursiveAll'>\n\t<ViewFields>\n\t\t<FieldRef Name='ID' />\n\t\t<FieldRef Name='FileLeafRef' />\n\t\t<FieldRef Name='FileDirRef' />\n\t\t<FieldRef Name='FileRef' />\n\t\t<FieldRef Name='FileLeafRef.Name' />\n\t\t<FieldRef Name='FileLeafRef.Suffix' />\n\t\t<FieldRef Name='File_x0020_Type' />\n\t\t<FieldRef Name='MetaInfo' />\n\t\t<FieldRef Name='MetaInfo.' />\n\t\t<FieldRef Name='MediaServiceMetadata' />\n\t\t<FieldRef Name='MediaServiceFastMetadata' />\n\t\t<FieldRef Name='MediaServiceDateTaken' />\n\t\t<FieldRef Name='MediaServiceAutoTags' />\n\t\t<FieldRef Name='MediaServiceLocation' />\n\t\t<FieldRef Name='MediaServiceOCR' />\n\t\t<FieldRef Name='ParentUniqueId' />\n\t\t<FieldRef Name='wic_System_GPS_Latitude' />\n\t\t<FieldRef Name='wic_System_GPS_Longitude' />\n\t\t<FieldRef Name='wic_System_GPS_Altitude' />\n\t</ViewFields>\n\t<Query>\n\t\t<Where>\n\t\t\t<And>\n\t\t\t\t<Eq>\n\t\t\t\t\t<FieldRef Name='ID' />\n\t\t\t\t\t<Value Type='Number'>@{triggerOutputs()?['body/ID']}</Value>\n\t\t\t\t</Eq>\n\t\t\t\t<Eq>\n\t\t\t\t\t<FieldRef Name='UpdateEXIFMetadata' />\n\t\t\t\t\t<Value Type='Boolean'>1</Value>\n\t\t\t\t</Eq>\n\t\t\t</And>\n\t\t</Where>\n\t</Query>\n\t<RowLimit Paged='TRUE'>5000</RowLimit>\n</View>",
              "description": "CAML Query used to select the relevant fields and filter the data by Item ID and UpdateEXIFMetadata. Make sure you use single quotes to avoid issues when combining with the JSON string."
            },
            "Compose_|_REST_Body_JSON": {
              "runAfter": {
                "Compose_|_REST_Body_Inner_|_CAML_Query": [
                  "Succeeded"
                ]
              },
              "metadata": {
                "operationMetadataId": "536c4cef-c7e2-4a8e-83cf-ef93a2ca93f2"
              },
              "type": "Compose",
              "inputs": {
                "parameters": {
                  "RenderOptions": 4103,
                  "ViewXml": "@{uriComponentToString(replace(replace(uriComponent(outputs('Compose_|_REST_Body_Inner_|_CAML_Query')), '%0A', ''), '%09',''))}"
                }
              },
              "description": "We need to remove the CAML/XML formatitng before embedding in the JSON string: @{uriComponentToString(replace(replace(uriComponent(outputs('Compose_|_REST_Body_Inner_|_CAML_Query')), '%0A', ''), '%09',''))}"
            },
            "Send_an_HTTP_request_to_SharePoint_|_POST_|_RenderListDataAsStream": {
              "runAfter": {
                "Compose_|_REST_Body_JSON": [
                  "Succeeded"
                ]
              },
              "metadata": {
                "operationMetadataId": "66c764aa-da64-439d-b275-96848d871469"
              },
              "type": "OpenApiConnection",
              "inputs": {
                "host": {
                  "connectionName": "shared_sharepointonline_1",
                  "operationId": "HttpRequest",
                  "apiId": "/providers/Microsoft.PowerApps/apis/shared_sharepointonline"
                },
                "parameters": {
                  "dataset": "@parameters('Sandpit-MIA-SPSite (sjl_SandpitMIASPSite)')",
                  "parameters/method": "POST",
                  "parameters/uri": "_api/web/lists(guid'@{parameters('Sandpit-MIA-SPLibrary (sjl_SandpitMIASPLibrary)')}')/RenderListDataAsStream",
                  "parameters/headers": {
                    "Accept": "application/json;odata=verbose",
                    "Content-Type": "application/json"
                  },
                  "parameters/body": "@outputs('Compose_|_REST_Body_JSON')"
                },
                "authentication": "@parameters('$authentication')"
              },
              "description": "\"RenderOptions\": 2 // ListData"
            },
            "Parse_JSON_|_RenderListDataAsStream_Body": {
              "runAfter": {
                "Send_an_HTTP_request_to_SharePoint_|_POST_|_RenderListDataAsStream": [
                  "Succeeded"
                ]
              },
              "metadata": {
                "operationMetadataId": "b477f2f5-09fc-4eb8-8fa1-2ab110ecc872"
              },
              "type": "ParseJson",
              "inputs": {
                "content": "@body('Send_an_HTTP_request_to_SharePoint_|_POST_|_RenderListDataAsStream')",
                "schema": {
                  "type": "object",
                  "properties": {
                    "wpq": {
                      "type": "string"
                    },
                    "Templates": {
                      "type": "object",
                      "properties": {}
                    },
                    "ListData": {
                      "type": "object",
                      "properties": {
                        "Row": {
                          "type": "array",
                          "items": {
                            "type": "object",
                            "properties": {
                              "ID": {
                                "type": "string"
                              },
                              "MetaInfo.": {
                                "type": "string"
                              }
                            },
                            "required": [
                              "ID",
                              "MetaInfo."
                            ]
                          }
                        },
                        "FirstRow": {
                          "type": "integer"
                        },
                        "FolderPermissions": {
                          "type": "string"
                        },
                        "LastRow": {
                          "type": "integer"
                        },
                        "RowLimit": {
                          "type": "integer"
                        },
                        "FilterLink": {
                          "type": "string"
                        },
                        "ForceNoHierarchy": {
                          "type": "string"
                        },
                        "HierarchyHasIndention": {
                          "type": "string"
                        },
                        "CurrentFolderSpItemUrl": {
                          "type": "string"
                        }
                      }
                    }
                  }
                }
              }
            }
          },
          "runAfter": {
            "Delay_|_20_Seconds": [
              "Succeeded"
            ]
          },
          "metadata": {
            "operationMetadataId": "f279dbf3-47d1-4c87-b5b3-0d12b605cccc"
          },
          "type": "Scope",
          "description": "Get the render list data which contains the EXIF data within the 'MetaInfo.' property. Avoid using the 'MetaInfo' object as this may not to be populated."
        },
        "Scope_|_Process_MetaInfo_Data": {
          "actions": {
            "Filter_array_|_wic_System_GPS_Latitude": {
              "runAfter": {
                "Set_variable_|_MetaInfoValues": [
                  "Succeeded"
                ]
              },
              "metadata": {
                "operationMetadataId": "d11074fb-9894-4825-bd61-10950b0fb74c"
              },
              "type": "Query",
              "inputs": {
                "from": "@variables('MetaInfoValues')",
                "where": "@startsWith(item(), 'wic_System_GPS_Latitude:')"
              },
              "description": "@startsWith(item(), 'wic_System_GPS_Latitude:')"
            },
            "Filter_array_|_wic_System_GPS_Longitude": {
              "runAfter": {
                "Filter_array_|_wic_System_GPS_Latitude": [
                  "Succeeded"
                ]
              },
              "metadata": {
                "operationMetadataId": "e1bf8aaa-27c8-43d3-8dde-f35f75530fb7"
              },
              "type": "Query",
              "inputs": {
                "from": "@variables('MetaInfoValues')",
                "where": "@startsWith(item(), 'wic_System_GPS_Longitude:')"
              },
              "description": "@startsWith(item(), 'wic_System_GPS_Longitude:')"
            },
            "Filter_array_|_wic_System_GPS_Altitude": {
              "runAfter": {
                "Filter_array_|_wic_System_GPS_Longitude": [
                  "Succeeded"
                ]
              },
              "metadata": {
                "operationMetadataId": "8402350b-9393-4f7e-b8e2-3a5abf256198"
              },
              "type": "Query",
              "inputs": {
                "from": "@variables('MetaInfoValues')",
                "where": "@startsWith(item(), 'wic_System_GPS_Altitude:')"
              },
              "description": "@startsWith(item(), 'wic_System_GPS_Altitude:')"
            },
            "Compose_|_MetaInfo": {
              "runAfter": {},
              "metadata": {
                "operationMetadataId": "ac752aee-ed1e-43d4-aa7b-df9e5578c96c"
              },
              "type": "Compose",
              "inputs": "@first(array(body('Parse_JSON_|_RenderListDataAsStream_Body')?['ListData']?['Row']))?['MetaInfo.']",
              "description": "@{first(array(first(array(body('Parse_JSON_|_RenderListDataAsStream_Body')?['ListData']?['Row']))?['MetaInfo']))?['lookupValue']}"
            },
            "Set_variable_|_MetaInfoValues": {
              "runAfter": {
                "Compose_|_MetaInfo": [
                  "Succeeded"
                ]
              },
              "metadata": {
                "operationMetadataId": "7f4ae066-e4f5-4643-b4e1-965f600a6b37"
              },
              "type": "SetVariable",
              "inputs": {
                "name": "MetaInfoValues",
                "value": "@split(replace(replace(replace(outputs('Compose_|_MetaInfo'), decodeUriComponent('%09'), ' '), decodeUriComponent('%0D%0A'), decodeUriComponent('%0d')), decodeUriComponent('%0A'), decodeUriComponent('%0d')), decodeUriComponent('%0d'))"
              },
              "description": "@{split(replace(replace(replace(outputs('Compose_|_MetaInfo'), decodeUriComponent('%09'), ' '), decodeUriComponent('%0D%0A'), decodeUriComponent('%0d')), decodeUriComponent('%0A'), decodeUriComponent('%0d')), decodeUriComponent('%0d'))}"
            },
            "Compose_|_Body_|_Photograph_Properties": {
              "runAfter": {
                "Filter_array_|_wic_System_GPS_Altitude": [
                  "Succeeded"
                ]
              },
              "metadata": {
                "operationMetadataId": "b1607772-025e-40ea-aff5-f3609fc00e30"
              },
              "type": "Compose",
              "inputs": {
                "__metadata": "@outputs('Compose_|_ListItemEntityTypeFullName')",
                "UpdateEXIFMetadata": "false",
                "Latitude": "@{replace(replace(coalesce(first(body('Filter_array_|_wic_System_GPS_Latitude')), last(body('Filter_array_|_wic_System_GPS_Latitude')), ''),'wic_System_GPS_Latitude:',''), 'SW|', '')}",
                "Longitude": "@{replace(replace(coalesce(first(body('Filter_array_|_wic_System_GPS_Longitude')), last(body('Filter_array_|_wic_System_GPS_Longitude')), ''),'wic_System_GPS_Longitude:',''), 'SW|', '')}",
                "Altitude": "@{replace(replace(coalesce(first(body('Filter_array_|_wic_System_GPS_Altitude')), last(body('Filter_array_|_wic_System_GPS_Altitude')), ''),'wic_System_GPS_Altitude:',''), 'SW|', '')}",
                "RawExifData": "@{variables('MetaInfoValues')}"
              },
              "description": "Example expression: @{replace(replace(coalesce(first(body('Filter_array_|_wic_System_GPS_Latitude')), last(body('Filter_array_|_wic_System_GPS_Latitude')), ''),'wic_System_GPS_Latitude:',''), 'SW|', '')}"
            }
          },
          "runAfter": {
            "Scope_|_Get_List_Item_Entity_Type_Full_Name": [
              "Succeeded"
            ],
            "Scope_|_Get_Render_List_Data_As_Stream": [
              "Succeeded"
            ]
          },
          "metadata": {
            "operationMetadataId": "cb3845e3-93a8-4718-a1b4-058a79bbd4b6"
          },
          "type": "Scope",
          "description": "Extract the EXIF data from the 'MetaInfo.' property and build the HTTP body for the PATCH."
        },
        "Initialize_variable_|_MetaInfoValues": {
          "runAfter": {},
          "metadata": {
            "operationMetadataId": "310089a7-2e5d-4607-bba6-899166f110f5"
          },
          "type": "InitializeVariable",
          "inputs": {
            "variables": [
              {
                "name": "MetaInfoValues",
                "type": "array"
              }
            ]
          },
          "description": "Store the 'MetaInfo.' in an array for processing."
        },
        "Delay_|_20_Seconds": {
          "runAfter": {
            "Initialize_variable_|_MetaInfoValues": [
              "Succeeded"
            ]
          },
          "metadata": {
            "operationMetadataId": "ad360061-865a-4928-9f81-c0b83608008b"
          },
          "type": "Wait",
          "inputs": {
            "interval": {
              "count": 20,
              "unit": "Second"
            }
          },
          "description": "Give SharePoint time to finish creating the file and updating the properties."
        },
        "Condition_|_IsCheckedOut_IS_EQUAL_TO_True": {
          "actions": {
            "Discard_check_out_|_Photograph": {
              "runAfter": {},
              "metadata": {
                "operationMetadataId": "67fdcfe6-d17d-4c81-9f88-87455fe47b8a"
              },
              "type": "OpenApiConnection",
              "inputs": {
                "host": {
                  "connectionName": "shared_sharepointonline_1",
                  "operationId": "DiscardFileCheckOut",
                  "apiId": "/providers/Microsoft.PowerApps/apis/shared_sharepointonline"
                },
                "parameters": {
                  "dataset": "@parameters('Sandpit-MIA-SPSite (sjl_SandpitMIASPSite)')",
                  "table": "@parameters('Sandpit-MIA-SPLibrary (sjl_SandpitMIASPLibrary)')",
                  "id": "@triggerOutputs()?['body/ID']"
                },
                "authentication": "@parameters('$authentication')"
              }
            }
          },
          "runAfter": {
            "Scope_|_Process_MetaInfo_Data": [
              "Succeeded"
            ]
          },
          "expression": {
            "equals": [
              "@triggerOutputs()?['body/{IsCheckedOut}']",
              "@true"
            ]
          },
          "metadata": {
            "operationMetadataId": "def4cec2-8967-4bdf-9259-09101a38af9b"
          },
          "type": "If",
          "description": "@triggerOutputs()?['body/{IsCheckedOut}'] If TRUE then the Flow could send an email or a Teams message to the initiator, instead of discarding the check-out..."
        },
        "Check_in_file_|_Photograph": {
          "runAfter": {
            "Send_an_HTTP_request_to_SharePoint_|_PATCH_|_Photograph_Properties": [
              "Succeeded"
            ]
          },
          "metadata": {
            "operationMetadataId": "2415f9c3-53ea-4ad6-ac8c-ccfe96d63fc4"
          },
          "type": "OpenApiConnection",
          "inputs": {
            "host": {
              "connectionName": "shared_sharepointonline_1",
              "operationId": "CheckInFile",
              "apiId": "/providers/Microsoft.PowerApps/apis/shared_sharepointonline"
            },
            "parameters": {
              "dataset": "@parameters('Sandpit-MIA-SPSite (sjl_SandpitMIASPSite)')",
              "table": "@parameters('Sandpit-MIA-SPLibrary (sjl_SandpitMIASPLibrary)')",
              "id": "@triggerOutputs()?['body/ID']",
              "parameter/comment": "Update the image's EXIF properties.",
              "parameter/checkinType": 1
            },
            "authentication": "@parameters('$authentication')"
          },
          "description": "Finish the process by checking in the file."
        },
        "Send_an_HTTP_request_to_SharePoint_|_PATCH_|_Photograph_Properties": {
          "runAfter": {
            "Check_out_file_|_Photograph": [
              "Succeeded"
            ]
          },
          "metadata": {
            "operationMetadataId": "9a4a6095-1d46-47f9-8c37-2a8d9e61cba9"
          },
          "type": "OpenApiConnection",
          "inputs": {
            "host": {
              "connectionName": "shared_sharepointonline_1",
              "operationId": "HttpRequest",
              "apiId": "/providers/Microsoft.PowerApps/apis/shared_sharepointonline"
            },
            "parameters": {
              "dataset": "@parameters('Sandpit-MIA-SPSite (sjl_SandpitMIASPSite)')",
              "parameters/method": "PATCH",
              "parameters/uri": "/_api/web/lists(guid'@{parameters('Sandpit-MIA-SPLibrary (sjl_SandpitMIASPLibrary)')}')/items(@{triggerOutputs()?['body/ID']})",
              "parameters/headers": {
                "Accept": "application/json;odata=verbose",
                "Content-Type": "application/json;odata=verbose",
                "If-Match": "*",
                "X-HTTP-Method": "MERGE"
              },
              "parameters/body": "@outputs('Compose_|_Body_|_Photograph_Properties')"
            },
            "authentication": "@parameters('$authentication')"
          },
          "description": "EXAMPLE: {\"__metadata\":@{outputs('Compose_|_ListItemEntityTypeFullName')},\"Subject\":\"Testing 456\",\"UpdateEXIFMetadata\":false}"
        },
        "Check_out_file_|_Photograph": {
          "runAfter": {
            "Condition_|_IsCheckedOut_IS_EQUAL_TO_True": [
              "Succeeded"
            ]
          },
          "metadata": {
            "operationMetadataId": "f8709882-0619-46c8-a07a-e1f15189c51b"
          },
          "type": "OpenApiConnection",
          "inputs": {
            "host": {
              "connectionName": "shared_sharepointonline_1",
              "operationId": "CheckOutFile",
              "apiId": "/providers/Microsoft.PowerApps/apis/shared_sharepointonline"
            },
            "parameters": {
              "dataset": "@parameters('Sandpit-MIA-SPSite (sjl_SandpitMIASPSite)')",
              "table": "@parameters('Sandpit-MIA-SPLibrary (sjl_SandpitMIASPLibrary)')",
              "id": "@triggerOutputs()?['body/ID']"
            },
            "authentication": "@parameters('$authentication')"
          },
          "description": "We have preceded this step to make sure that the file isn't already checked out and if it is then discarding the checkout, before checking it out ourselves."
        }
      }
    },
    "templateName": ""
  },
  "schemaVersion": "1.0.0.0"
}